job,screen,emi2,apc,seed,model,iptm,ptm,ranking_score,pair_AB,pair_AC,pair_BC,d_549_Apc1,dsc_549_Apc1,d_590_Apc1,dsc_590_Apc1,d_ZBR_Apc1,near590_Apc1_res,near590_Apc1_d,near590_Apc1_full,nearZBR_Apc1_res,nearZBR_Apc1_d,nearZBR_Apc1_full
s3_apc1_emi2dnai_apcdnai_seed1,S3,Dnai,Dnai,1,0,0.16,0.55,0.4,0.16,0.64,0.06,14.66,15.14,40.79,42.59,14.77,131,40.79,1080,184,14.77,1133
s3_apc1_emi2dnai_apcdnai_seed1,S3,Dnai,Dnai,1,1,0.11,0.56,0.37,0.11,0.64,0.05,5.86,5.86,18.03,20.52,5.99,290,18.03,1239,276,5.99,1225
s3_apc1_emi2dnai_apcdnai_seed1,S3,Dnai,Dnai,1,2,0.11,0.56,0.36,0.11,0.63,0.06,6.59,7.6,20.86,23.74,5.95,41,20.86,990,20,5.95,969
s3_apc1_emi2dnai_apcdnai_seed1,S3,Dnai,Dnai,1,3,0.11,0.56,0.36,0.11,0.6,0.07,3.63,3.63,19.35,22.25,6.31,110,19.35,1059,125,6.31,1074
s3_apc1_emi2dnai_apcdnai_seed1,S3,Dnai,Dnai,1,4,0.1,0.56,0.35,0.1,0.84,0.05,3.6,3.6,13.74,13.74,10.88,128,13.74,1077,182,10.88,1131
s3_apc1_emi2dnai_apcdnai_seed2,S3,Dnai,Dnai,2,0,0.15,0.56,0.39,0.15,0.82,0.05,19.4,22.15,28.16,31.12,9.69,128,28.16,1077,182,9.69,1131
s3_apc1_emi2dnai_apcdnai_seed2,S3,Dnai,Dnai,2,1,0.08,0.55,0.35,0.08,0.8,0.06,6.32,6.32,5.27,6.27,0.75,298,5.27,1247,298,0.75,1247
s3_apc1_emi2dnai_apcdnai_seed2,S3,Dnai,Dnai,2,2,0.08,0.55,0.34,0.08,0.81,0.05,8.08,8.27,12.21,14.29,12.14,294,12.21,1243,295,12.14,1244
s3_apc1_emi2dnai_apcdnai_seed2,S3,Dnai,Dnai,2,3,0.09,0.55,0.34,0.09,0.77,0.06,4.11,5.08,25.14,25.32,14.48,106,25.14,1055,86,14.48,1035
s3_apc1_emi2dnai_apcdnai_seed2,S3,Dnai,Dnai,2,4,0.07,0.56,0.33,0.07,0.83,0.05,10.06,10.06,16.76,19.14,7.8,125,16.76,1074,92,7.8,1041
s3_apc1_emi2dnai_apcdnai_seed3,S3,Dnai,Dnai,3,0,0.21,0.56,0.44,0.21,0.68,0.08,7.07,9.43,25.51,27.43,13.83,128,25.51,1077,182,13.83,1131
s3_apc1_emi2dnai_apcdnai_seed3,S3,Dnai,Dnai,3,1,0.11,0.56,0.36,0.11,0.69,0.07,6.72,8.33,29.0,30.53,17.55,142,29.0,1091,131,17.55,1080
s3_apc1_emi2dnai_apcdnai_seed3,S3,Dnai,Dnai,3,2,0.11,0.55,0.36,0.11,0.85,0.07,2.72,2.72,10.88,13.06,11.47,290,10.88,1239,290,11.47,1239
s3_apc1_emi2dnai_apcdnai_seed3,S3,Dnai,Dnai,3,3,0.11,0.56,0.36,0.11,0.72,0.11,4.26,4.26,7.93,8.69,2.46,276,7.93,1225,275,2.46,1224
s3_apc1_emi2dnai_apcdnai_seed3,S3,Dnai,Dnai,3,4,0.08,0.57,0.35,0.08,0.55,0.09,12.9,14.58,8.67,10.27,2.3,299,8.67,1248,250,2.3,1199
s3_apc1_emi2dnai_apcdval_seed1,S3,Dnai,Dval,1,0,0.16,0.55,0.4,0.16,0.64,0.06,14.66,15.14,40.79,42.59,14.77,131,40.79,1080,184,14.77,1133
s3_apc1_emi2dnai_apcdval_seed1,S3,Dnai,Dval,1,1,0.11,0.56,0.37,0.11,0.64,0.05,5.86,5.86,18.03,20.52,5.99,290,18.03,1239,276,5.99,1225
s3_apc1_emi2dnai_apcdval_seed1,S3,Dnai,Dval,1,2,0.11,0.56,0.36,0.11,0.63,0.06,6.59,7.6,20.86,23.74,5.95,41,20.86,990,20,5.95,969
s3_apc1_emi2dnai_apcdval_seed1,S3,Dnai,Dval,1,3,0.11,0.56,0.36,0.11,0.6,0.07,3.63,3.63,19.35,22.25,6.31,110,19.35,1059,125,6.31,1074
s3_apc1_emi2dnai_apcdval_seed1,S3,Dnai,Dval,1,4,0.1,0.56,0.35,0.1,0.84,0.05,3.6,3.6,13.74,13.74,10.88,128,13.74,1077,182,10.88,1131
s3_apc1_emi2dnai_apcdval_seed2,S3,Dnai,Dval,2,0,0.15,0.56,0.39,0.15,0.82,0.05,19.4,22.15,28.16,31.12,9.69,128,28.16,1077,182,9.69,1131
s3_apc1_emi2dnai_apcdval_seed2,S3,Dnai,Dval,2,1,0.08,0.55,0.35,0.08,0.8,0.06,6.32,6.32,5.27,6.27,0.75,298,5.27,1247,298,0.75,1247
s3_apc1_emi2dnai_apcdval_seed2,S3,Dnai,Dval,2,2,0.08,0.55,0.34,0.08,0.81,0.05,8.08,8.27,12.21,14.29,12.14,294,12.21,1243,295,12.14,1244
s3_apc1_emi2dnai_apcdval_seed2,S3,Dnai,Dval,2,3,0.09,0.55,0.34,0.09,0.77,0.06,4.11,5.08,25.14,25.32,14.48,106,25.14,1055,86,14.48,1035
s3_apc1_emi2dnai_apcdval_seed2,S3,Dnai,Dval,2,4,0.07,0.56,0.33,0.07,0.83,0.05,10.06,10.06,16.76,19.14,7.8,125,16.76,1074,92,7.8,1041
s3_apc1_emi2dnai_apcdval_seed3,S3,Dnai,Dval,3,0,0.21,0.56,0.44,0.21,0.68,0.08,7.07,9.43,25.51,27.43,13.83,128,25.51,1077,182,13.83,1131
s3_apc1_emi2dnai_apcdval_seed3,S3,Dnai,Dval,3,1,0.11,0.56,0.36,0.11,0.69,0.07,6.72,8.33,29.0,30.53,17.55,142,29.0,1091,131,17.55,1080
s3_apc1_emi2dnai_apcdval_seed3,S3,Dnai,Dval,3,2,0.11,0.55,0.36,0.11,0.85,0.07,2.72,2.72,10.88,13.06,11.47,290,10.88,1239,290,11.47,1239
s3_apc1_emi2dnai_apcdval_seed3,S3,Dnai,Dval,3,3,0.11,0.56,0.36,0.11,0.72,0.11,4.26,4.26,7.93,8.69,2.46,276,7.93,1225,275,2.46,1224
s3_apc1_emi2dnai_apcdval_seed3,S3,Dnai,Dval,3,4,0.08,0.57,0.35,0.08,0.55,0.09,12.9,14.58,8.67,10.27,2.3,299,8.67,1248,250,2.3,1199
s3_apc1_emi2dval_apcdnai_seed1,S3,Dval,Dnai,1,0,0.09,0.55,0.35,0.09,0.79,0.08,7.54,9.69,17.65,20.04,6.98,273,17.65,1222,20,6.98,969
s3_apc1_emi2dval_apcdnai_seed1,S3,Dval,Dnai,1,1,0.09,0.55,0.35,0.09,0.59,0.09,6.26,8.26,27.66,30.2,9.99,89,27.66,1038,142,9.99,1091
s3_apc1_emi2dval_apcdnai_seed1,S3,Dval,Dnai,1,2,0.08,0.55,0.34,0.08,0.75,0.07,7.16,9.25,15.6,16.56,7.08,290,15.6,1239,301,7.08,1250
s3_apc1_emi2dval_apcdnai_seed1,S3,Dval,Dnai,1,3,0.08,0.54,0.34,0.08,0.64,0.07,6.71,7.67,8.92,11.1,7.49,274,8.92,1223,20,7.49,969
s3_apc1_emi2dval_apcdnai_seed1,S3,Dval,Dnai,1,4,0.08,0.55,0.33,0.07,0.62,0.08,45.62,47.71,14.01,14.94,6.52,276,14.01,1225,276,6.52,1225
s3_apc1_emi2dval_apcdnai_seed2,S3,Dval,Dnai,2,0,0.17,0.54,0.4,0.17,0.63,0.07,20.81,22.71,34.53,36.45,12.81,131,34.53,1080,131,12.81,1080
s3_apc1_emi2dval_apcdnai_seed2,S3,Dval,Dnai,2,1,0.11,0.55,0.37,0.11,0.65,0.07,2.19,2.19,25.87,28.06,16.95,290,25.87,1239,274,16.95,1223
s3_apc1_emi2dval_apcdnai_seed2,S3,Dval,Dnai,2,2,0.1,0.55,0.35,0.1,0.78,0.09,4.14,4.14,7.48,10.22,1.64,291,7.48,1240,276,1.64,1225
s3_apc1_emi2dval_apcdnai_seed2,S3,Dval,Dnai,2,3,0.1,0.55,0.35,0.1,0.72,0.12,7.12,8.69,7.89,8.06,2.53,38,7.89,987,82,2.53,1031
s3_apc1_emi2dval_apcdnai_seed2,S3,Dval,Dnai,2,4,0.07,0.55,0.32,0.07,0.76,0.08,20.83,23.26,18.58,18.58,5.39,276,18.58,1225,276,5.39,1225
s3_apc1_emi2dval_apcdnai_seed3,S3,Dval,Dnai,3,0,0.15,0.56,0.4,0.15,0.83,0.07,6.08,7.11,30.42,31.87,22.04,142,30.42,1091,142,22.04,1091
s3_apc1_emi2dval_apcdnai_seed3,S3,Dval,Dnai,3,1,0.14,0.55,0.39,0.14,0.78,0.11,1.85,1.85,6.18,7.25,2.39,291,6.18,1240,276,2.39,1225
s3_apc1_emi2dval_apcdnai_seed3,S3,Dval,Dnai,3,2,0.11,0.55,0.36,0.11,0.6,0.09,4.62,4.62,8.04,9.36,2.32,278,8.04,1227,275,2.32,1224
s3_apc1_emi2dval_apcdnai_seed3,S3,Dval,Dnai,3,3,0.09,0.56,0.35,0.09,0.7,0.1,14.55,16.48,8.74,9.92,1.5,276,8.74,1225,282,1.5,1231
s3_apc1_emi2dval_apcdnai_seed3,S3,Dval,Dnai,3,4,0.07,0.55,0.33,0.07,0.83,0.06,18.25,18.25,21.39,22.08,5.78,298,21.39,1247,298,5.78,1247
s3_apc1_emi2dval_apcdval_seed1,S3,Dval,Dval,1,0,0.09,0.55,0.35,0.09,0.79,0.08,7.54,9.69,17.65,20.04,6.98,273,17.65,1222,20,6.98,969
s3_apc1_emi2dval_apcdval_seed1,S3,Dval,Dval,1,1,0.09,0.55,0.35,0.09,0.59,0.09,6.26,8.26,27.66,30.2,9.99,89,27.66,1038,142,9.99,1091
s3_apc1_emi2dval_apcdval_seed1,S3,Dval,Dval,1,2,0.08,0.55,0.34,0.08,0.75,0.07,7.16,9.25,15.6,16.56,7.08,290,15.6,1239,301,7.08,1250
s3_apc1_emi2dval_apcdval_seed1,S3,Dval,Dval,1,3,0.08,0.54,0.34,0.08,0.64,0.07,6.71,7.67,8.92,11.1,7.49,274,8.92,1223,20,7.49,969
s3_apc1_emi2dval_apcdval_seed1,S3,Dval,Dval,1,4,0.08,0.55,0.33,0.07,0.62,0.08,45.62,47.71,14.01,14.94,6.52,276,14.01,1225,276,6.52,1225
s3_apc1_emi2dval_apcdval_seed2,S3,Dval,Dval,2,0,0.17,0.54,0.4,0.17,0.63,0.07,20.81,22.71,34.53,36.45,12.81,131,34.53,1080,131,12.81,1080
s3_apc1_emi2dval_apcdval_seed2,S3,Dval,Dval,2,1,0.11,0.55,0.37,0.11,0.65,0.07,2.19,2.19,25.87,28.06,16.95,290,25.87,1239,274,16.95,1223
s3_apc1_emi2dval_apcdval_seed2,S3,Dval,Dval,2,2,0.1,0.55,0.35,0.1,0.78,0.09,4.14,4.14,7.48,10.22,1.64,291,7.48,1240,276,1.64,1225
s3_apc1_emi2dval_apcdval_seed2,S3,Dval,Dval,2,3,0.1,0.55,0.35,0.1,0.72,0.12,7.12,8.69,7.89,8.06,2.53,38,7.89,987,82,2.53,1031
s3_apc1_emi2dval_apcdval_seed2,S3,Dval,Dval,2,4,0.07,0.55,0.32,0.07,0.76,0.08,20.83,23.26,18.58,18.58,5.39,276,18.58,1225,276,5.39,1225
s3_apc1_emi2dval_apcdval_seed3,S3,Dval,Dval,3,0,0.15,0.56,0.4,0.15,0.83,0.07,6.08,7.11,30.42,31.87,22.04,142,30.42,1091,142,22.04,1091
s3_apc1_emi2dval_apcdval_seed3,S3,Dval,Dval,3,1,0.14,0.55,0.39,0.14,0.78,0.11,1.85,1.85,6.18,7.25,2.39,291,6.18,1240,276,2.39,1225
s3_apc1_emi2dval_apcdval_seed3,S3,Dval,Dval,3,2,0.11,0.55,0.36,0.11,0.6,0.09,4.62,4.62,8.04,9.36,2.32,278,8.04,1227,275,2.32,1224
s3_apc1_emi2dval_apcdval_seed3,S3,Dval,Dval,3,3,0.09,0.56,0.35,0.09,0.7,0.1,14.55,16.48,8.74,9.92,1.5,276,8.74,1225,282,1.5,1231
s3_apc1_emi2dval_apcdval_seed3,S3,Dval,Dval,3,4,0.07,0.55,0.33,0.07,0.83,0.06,18.25,18.25,21.39,22.08,5.78,298,21.39,1247,298,5.78,1247
