job,screen,emi2,apc,seed,model,iptm,ptm,ranking_score,pair_AB,pair_AC,pair_BC,d_549_Apc2,dsc_549_Apc2,d_590_Apc2,dsc_590_Apc2,d_ZBR_Apc2,near590_Apc2_res,near590_Apc2_d,near590_Apc2_full,nearZBR_Apc2_res,nearZBR_Apc2_d,nearZBR_Apc2_full,d_549_Apc11,dsc_549_Apc11,d_590_Apc11,dsc_590_Apc11,d_ZBR_Apc11,near590_Apc11_res,near590_Apc11_d,near590_Apc11_full,nearZBR_Apc11_res,nearZBR_Apc11_d,nearZBR_Apc11_full,d_V632_Emi2,d_V632_590,d_V632_ZBR,d_P654_Emi2,d_P654_590,d_P654_ZBR
s2b_zbr_emi2dnai_apcdnai_seed1,S2b,Dnai,Dnai,1,0,0.68,0.68,0.78,0.57,0.61,0.86,12.01,12.53,11.71,11.71,2.37,278,11.71,497,239,2.37,458,6.03,6.12,6.89,7.21,3.04,35,6.89,35,27,3.04,27,16.27,43.99,18.01,27.11,61.77,31.3
s2b_zbr_emi2dnai_apcdnai_seed1,S2b,Dnai,Dnai,1,1,0.69,0.68,0.78,0.57,0.61,0.86,12.18,12.83,12.47,12.47,2.5,278,12.47,497,239,2.5,458,6.4,6.4,7.0,7.36,2.62,35,7.0,35,37,2.62,37,14.39,44.29,17.01,25.22,61.94,30.92
s2b_zbr_emi2dnai_apcdnai_seed1,S2b,Dnai,Dnai,1,2,0.68,0.68,0.78,0.56,0.61,0.86,12.71,13.43,12.83,12.83,2.43,278,12.83,497,239,2.43,458,7.46,7.46,7.05,7.32,2.99,35,7.05,35,27,2.99,27,17.23,43.84,17.23,24.3,61.64,30.82
s2b_zbr_emi2dnai_apcdnai_seed1,S2b,Dnai,Dnai,1,3,0.68,0.67,0.76,0.56,0.59,0.86,11.89,12.11,12.5,12.5,2.48,278,12.5,497,239,2.48,458,7.09,7.09,6.83,7.22,2.6,35,6.83,35,27,2.6,27,17.81,44.35,19.69,26.58,62.02,33.08
s2b_zbr_emi2dnai_apcdnai_seed1,S2b,Dnai,Dnai,1,4,0.66,0.67,0.76,0.53,0.6,0.86,3.29,3.29,12.69,12.69,2.65,278,12.69,497,526,2.65,745,5.27,5.27,6.93,7.24,2.66,35,6.93,35,27,2.66,27,16.17,44.33,17.88,25.9,61.98,31.61
s2b_zbr_emi2dnai_apcdnai_seed2,S2b,Dnai,Dnai,2,0,0.56,0.59,0.65,0.55,0.32,0.85,34.43,37.32,2.24,2.37,2.06,496,2.24,715,523,2.06,742,24.74,26.9,18.83,18.83,21.34,27,18.83,27,11,21.34,11,13.69,35.3,13.69,17.55,49.65,17.55
s2b_zbr_emi2dnai_apcdnai_seed2,S2b,Dnai,Dnai,2,1,0.54,0.59,0.64,0.54,0.3,0.84,31.93,33.74,6.54,6.54,1.65,451,6.54,670,115,1.65,334,65.71,67.39,28.59,28.59,17.15,1,28.59,1,1,17.15,1,14.24,33.49,16.01,9.0,19.9,9.0
s2b_zbr_emi2dnai_apcdnai_seed2,S2b,Dnai,Dnai,2,2,0.54,0.58,0.64,0.54,0.3,0.83,5.8,8.23,14.51,15.75,2.78,451,14.51,670,116,2.78,335,30.72,33.08,35.15,35.15,21.01,1,35.15,1,11,21.01,11,13.92,32.77,14.75,10.25,22.56,11.04
s2b_zbr_emi2dnai_apcdnai_seed2,S2b,Dnai,Dnai,2,3,0.54,0.59,0.64,0.54,0.3,0.83,9.85,11.9,12.82,13.31,1.97,454,12.82,673,459,1.97,678,28.79,30.07,37.47,37.47,22.58,1,37.47,1,11,22.58,11,13.83,38.95,18.22,14.26,28.46,14.26
s2b_zbr_emi2dnai_apcdnai_seed2,S2b,Dnai,Dnai,2,4,0.53,0.58,0.63,0.52,0.29,0.83,7.82,8.66,13.33,13.33,1.75,436,13.33,655,158,1.75,377,10.69,12.85,32.18,32.18,17.02,1,32.18,1,1,17.02,1,8.82,27.43,8.82,7.84,16.63,7.84
s2b_zbr_emi2dnai_apcdnai_seed3,S2b,Dnai,Dnai,3,0,0.67,0.68,0.77,0.54,0.61,0.87,8.48,9.0,12.18,12.18,2.32,278,12.18,497,526,2.32,745,6.95,9.4,6.8,7.04,3.01,35,6.8,35,27,3.01,27,17.94,43.96,18.59,25.2,61.71,31.82
s2b_zbr_emi2dnai_apcdnai_seed3,S2b,Dnai,Dnai,3,1,0.67,0.67,0.77,0.54,0.62,0.87,13.48,15.43,11.95,11.95,2.41,278,11.95,497,239,2.41,458,8.42,9.75,7.05,7.42,2.96,35,7.05,35,27,2.96,27,17.89,44.2,18.45,27.38,62.0,32.24
s2b_zbr_emi2dnai_apcdnai_seed3,S2b,Dnai,Dnai,3,2,0.67,0.67,0.76,0.54,0.62,0.87,4.23,4.23,12.84,12.84,2.42,278,12.84,497,239,2.42,458,50.14,52.58,7.1,7.41,2.98,35,7.1,35,27,2.98,27,15.68,44.25,17.47,25.43,62.13,31.36
s2b_zbr_emi2dnai_apcdnai_seed3,S2b,Dnai,Dnai,3,3,0.67,0.68,0.76,0.55,0.61,0.86,5.7,7.82,12.27,12.27,2.48,278,12.27,497,239,2.48,458,9.2,9.6,6.9,7.16,2.94,35,6.9,35,27,2.94,27,17.1,43.86,17.65,27.27,61.63,31.12
s2b_zbr_emi2dnai_apcdnai_seed3,S2b,Dnai,Dnai,3,4,0.66,0.67,0.76,0.53,0.62,0.86,14.72,16.93,11.68,11.68,2.45,278,11.68,497,526,2.45,745,9.8,11.63,6.98,7.35,2.98,35,6.98,35,27,2.98,27,16.67,44.16,17.53,24.99,61.94,31.34
s2b_zbr_emi2dnai_apcdval_seed1,S2b,Dnai,Dval,1,0,0.68,0.68,0.79,0.56,0.62,0.87,11.38,12.21,11.68,11.68,2.47,278,11.68,497,239,2.47,458,7.15,7.82,6.91,7.22,3.05,35,6.91,35,27,3.05,27,15.22,44.14,17.88,27.73,62.69,32.49
s2b_zbr_emi2dnai_apcdval_seed1,S2b,Dnai,Dval,1,1,0.68,0.68,0.78,0.56,0.62,0.86,12.01,14.15,12.6,12.6,2.33,278,12.6,497,526,2.33,745,8.14,9.07,6.97,7.34,2.65,35,6.97,35,37,2.65,37,16.53,44.51,18.34,27.58,63.02,33.21
s2b_zbr_emi2dnai_apcdval_seed1,S2b,Dnai,Dval,1,2,0.69,0.69,0.78,0.57,0.63,0.87,10.92,11.57,12.5,12.5,2.49,278,12.5,497,239,2.49,458,7.96,8.55,6.89,7.25,2.6,35,6.89,35,27,2.6,27,15.39,44.36,17.5,26.32,62.91,32.53
s2b_zbr_emi2dnai_apcdval_seed1,S2b,Dnai,Dval,1,3,0.68,0.68,0.77,0.55,0.62,0.87,13.55,15.59,12.84,12.84,2.51,278,12.84,497,239,2.51,458,9.16,11.16,7.06,7.33,2.93,35,7.06,35,27,2.93,27,15.43,43.95,17.12,25.52,62.46,31.88
s2b_zbr_emi2dnai_apcdval_seed1,S2b,Dnai,Dval,1,4,0.67,0.67,0.77,0.55,0.62,0.86,2.73,2.73,12.68,12.68,2.63,278,12.68,497,239,2.63,458,4.4,4.4,6.93,7.23,2.67,35,6.93,35,27,2.67,27,15.17,44.31,17.61,26.61,62.86,32.53
s2b_zbr_emi2dnai_apcdval_seed2,S2b,Dnai,Dval,2,0,0.67,0.67,0.78,0.55,0.61,0.87,10.37,11.06,12.71,12.71,2.55,278,12.71,497,239,2.55,458,7.57,9.77,6.9,7.21,3.09,35,6.9,35,38,3.09,38,17.22,44.33,19.09,27.65,62.85,33.73
s2b_zbr_emi2dnai_apcdval_seed2,S2b,Dnai,Dval,2,1,0.67,0.67,0.77,0.55,0.61,0.86,12.34,13.8,11.44,11.44,2.34,278,11.44,497,239,2.34,458,8.52,10.63,6.89,7.24,2.98,35,6.89,35,27,2.98,27,13.02,43.88,16.87,26.25,62.25,31.47
s2b_zbr_emi2dnai_apcdval_seed2,S2b,Dnai,Dval,2,2,0.65,0.67,0.75,0.54,0.59,0.86,13.8,15.35,11.9,11.9,2.42,278,11.9,497,526,2.42,745,8.22,10.27,7.15,7.56,2.45,35,7.15,35,27,2.45,27,13.62,44.48,16.79,26.23,62.95,31.78
s2b_zbr_emi2dnai_apcdval_seed2,S2b,Dnai,Dval,2,3,0.65,0.66,0.75,0.54,0.57,0.86,14.78,16.8,11.66,11.66,2.4,278,11.66,497,472,2.4,691,9.44,11.19,6.77,7.27,2.99,62,6.77,62,27,2.99,27,16.14,44.25,21.17,27.23,62.73,35.32
s2b_zbr_emi2dnai_apcdval_seed2,S2b,Dnai,Dval,2,4,0.65,0.66,0.75,0.54,0.58,0.86,12.15,13.82,11.84,11.84,1.87,278,11.84,497,513,1.87,732,12.05,14.24,6.89,7.26,2.73,35,6.89,35,37,2.73,37,15.4,44.77,20.96,26.41,63.43,35.66
s2b_zbr_emi2dnai_apcdval_seed3,S2b,Dnai,Dval,3,0,0.67,0.67,0.76,0.54,0.59,0.87,11.34,12.87,12.3,12.3,1.89,278,12.3,497,469,1.89,688,8.03,10.51,6.69,7.05,2.97,62,6.69,62,27,2.97,27,16.07,44.19,21.35,27.49,62.68,35.37
s2b_zbr_emi2dnai_apcdval_seed3,S2b,Dnai,Dval,3,1,0.65,0.66,0.75,0.53,0.59,0.87,14.36,16.59,11.81,11.81,2.53,278,11.81,497,239,2.53,458,9.7,11.5,6.89,7.27,2.93,35,6.89,35,27,2.93,27,16.33,44.38,20.96,28.03,62.82,34.9
s2b_zbr_emi2dnai_apcdval_seed3,S2b,Dnai,Dval,3,2,0.65,0.67,0.75,0.53,0.59,0.87,3.68,3.68,13.18,13.18,1.81,278,13.18,497,469,1.81,688,50.39,52.74,7.01,7.38,2.97,35,7.01,35,27,2.97,27,15.97,44.73,21.73,27.86,63.31,36.16
s2b_zbr_emi2dnai_apcdval_seed3,S2b,Dnai,Dval,3,3,0.65,0.67,0.74,0.54,0.58,0.86,13.19,14.8,12.46,12.46,2.04,278,12.46,497,469,2.04,688,9.0,10.78,6.69,7.15,2.86,62,6.69,62,27,2.86,27,17.79,44.17,20.87,28.44,62.61,35.37
s2b_zbr_emi2dnai_apcdval_seed3,S2b,Dnai,Dval,3,4,0.65,0.66,0.74,0.53,0.59,0.87,11.61,13.2,12.05,12.05,1.68,278,12.05,497,512,1.68,731,17.6,17.6,7.0,7.38,2.97,35,7.0,35,27,2.97,27,16.74,44.44,20.97,28.5,62.98,35.42
s2b_zbr_emi2dval_apcdnai_seed1,S2b,Dval,Dnai,1,0,0.68,0.69,0.78,0.56,0.61,0.87,5.2,5.83,14.15,14.15,2.41,278,14.15,497,239,2.41,458,5.79,5.79,6.9,7.34,3.02,35,6.9,35,27,3.02,27,16.23,44.41,17.98,26.88,62.23,31.37
s2b_zbr_emi2dval_apcdnai_seed1,S2b,Dval,Dnai,1,1,0.67,0.68,0.77,0.54,0.62,0.87,13.6,15.65,14.39,14.39,2.51,278,14.39,497,239,2.51,458,9.38,11.17,7.03,7.51,2.91,35,7.03,35,27,2.91,27,17.21,44.26,17.21,23.84,62.09,30.87
s2b_zbr_emi2dval_apcdnai_seed1,S2b,Dval,Dnai,1,2,0.67,0.68,0.77,0.54,0.61,0.86,5.74,7.36,14.19,14.19,2.57,278,14.19,497,526,2.57,745,8.34,8.37,6.96,7.44,2.45,35,6.96,35,27,2.45,27,15.73,44.66,17.62,25.7,62.35,31.47
s2b_zbr_emi2dval_apcdnai_seed1,S2b,Dval,Dnai,1,3,0.67,0.68,0.77,0.54,0.63,0.86,11.75,13.27,14.08,14.08,2.43,278,14.08,497,526,2.43,745,8.16,8.16,6.95,7.48,2.68,35,6.95,35,37,2.68,37,15.42,44.69,17.09,24.22,62.4,31.04
s2b_zbr_emi2dval_apcdnai_seed1,S2b,Dval,Dnai,1,4,0.67,0.68,0.76,0.56,0.62,0.87,11.15,11.79,13.99,13.99,2.47,278,13.99,497,239,2.47,458,7.98,8.29,6.91,7.42,2.39,35,6.91,35,27,2.39,27,16.89,44.84,17.48,24.57,62.58,31.53
s2b_zbr_emi2dval_apcdnai_seed2,S2b,Dval,Dnai,2,0,0.69,0.69,0.79,0.58,0.62,0.87,6.46,8.0,13.93,13.93,2.41,278,13.93,497,239,2.41,458,7.75,7.75,6.93,7.37,3.03,35,6.93,35,38,3.03,38,18.61,44.66,18.61,27.18,62.36,32.25
s2b_zbr_emi2dval_apcdnai_seed2,S2b,Dval,Dnai,2,1,0.68,0.68,0.78,0.56,0.63,0.86,11.91,13.37,13.75,13.75,2.3,278,13.75,497,239,2.3,458,8.85,11.02,6.92,7.37,2.98,35,6.92,35,27,2.98,27,13.89,44.33,17.18,25.75,61.87,30.57
s2b_zbr_emi2dval_apcdnai_seed2,S2b,Dval,Dnai,2,2,0.68,0.68,0.78,0.57,0.6,0.86,6.21,7.8,13.97,13.97,1.39,278,13.97,497,512,1.39,731,6.27,6.71,6.9,7.37,2.94,35,6.9,35,37,2.94,37,17.37,44.94,20.58,26.22,62.68,34.02
s2b_zbr_emi2dval_apcdnai_seed2,S2b,Dval,Dnai,2,3,0.67,0.68,0.77,0.55,0.61,0.86,3.06,3.06,14.07,14.07,2.36,278,14.07,497,247,2.36,466,3.4,3.4,7.19,7.7,2.36,35,7.19,35,27,2.36,27,14.93,44.76,16.97,25.9,62.44,30.77
s2b_zbr_emi2dval_apcdnai_seed2,S2b,Dval,Dnai,2,4,0.67,0.68,0.77,0.55,0.62,0.86,9.57,9.57,14.0,14.0,2.18,278,14.0,497,532,2.18,751,8.78,10.58,6.92,7.43,3.03,62,6.92,62,27,3.03,27,16.67,44.39,18.56,25.57,62.11,31.86
s2b_zbr_emi2dval_apcdnai_seed3,S2b,Dval,Dnai,3,0,0.66,0.67,0.75,0.53,0.58,0.86,6.15,7.79,13.95,13.95,1.88,278,13.95,497,469,1.88,688,7.49,7.52,6.52,7.3,2.86,62,6.52,62,27,2.86,27,19.42,44.45,20.8,28.15,62.19,34.43
s2b_zbr_emi2dval_apcdnai_seed3,S2b,Dval,Dnai,3,1,0.65,0.66,0.75,0.53,0.6,0.86,14.76,16.97,14.29,14.29,2.49,278,14.29,497,239,2.49,458,9.82,11.77,6.68,7.47,2.96,62,6.68,62,27,2.96,27,17.96,44.59,20.72,27.44,62.38,33.8
s2b_zbr_emi2dval_apcdnai_seed3,S2b,Dval,Dnai,3,2,0.65,0.67,0.75,0.53,0.58,0.86,7.68,7.68,13.98,13.98,1.89,278,13.98,497,469,1.89,688,6.26,8.69,6.83,7.32,2.94,35,6.83,35,27,2.94,27,18.93,43.86,20.22,27.39,61.69,33.69
s2b_zbr_emi2dval_apcdnai_seed3,S2b,Dval,Dnai,3,3,0.65,0.66,0.74,0.53,0.59,0.87,8.0,9.19,14.45,14.45,2.45,278,14.45,497,239,2.45,458,23.66,24.68,6.8,7.52,2.95,62,6.8,62,27,2.95,27,18.03,44.67,20.75,27.67,62.47,34.19
s2b_zbr_emi2dval_apcdnai_seed3,S2b,Dval,Dnai,3,4,0.65,0.66,0.74,0.53,0.58,0.86,4.43,4.6,14.62,14.62,2.07,278,14.62,497,469,2.07,688,50.65,52.87,7.03,7.56,2.99,35,7.03,35,27,2.99,27,17.96,44.84,21.94,27.39,62.72,35.09
s2b_zbr_emi2dval_apcdval_seed1,S2b,Dval,Dval,1,0,0.67,0.67,0.77,0.55,0.59,0.87,6.54,7.44,14.08,14.08,2.34,278,14.08,497,281,2.34,500,6.38,6.38,6.82,7.27,2.95,35,6.82,35,27,2.95,27,17.64,44.84,21.83,29.62,63.48,36.6
s2b_zbr_emi2dval_apcdval_seed1,S2b,Dval,Dval,1,1,0.68,0.66,0.77,0.55,0.62,0.87,11.46,12.07,13.82,13.82,2.44,278,13.82,497,239,2.44,458,7.99,8.14,6.84,7.38,2.47,62,6.84,62,27,2.47,27,15.15,44.86,19.4,26.5,63.48,33.91
s2b_zbr_emi2dval_apcdval_seed1,S2b,Dval,Dval,1,2,0.67,0.67,0.76,0.54,0.59,0.86,6.45,8.08,14.12,14.12,1.87,278,14.12,497,469,1.87,688,7.58,7.58,6.85,7.35,2.87,35,6.85,35,27,2.87,27,17.43,44.83,21.7,27.32,63.39,36.86
s2b_zbr_emi2dval_apcdval_seed1,S2b,Dval,Dval,1,3,0.67,0.67,0.76,0.53,0.6,0.87,11.42,13.09,13.98,13.98,1.92,278,13.98,497,469,1.92,688,7.15,7.15,6.84,7.36,2.86,35,6.84,35,37,2.86,37,16.43,44.85,21.5,27.53,63.38,35.58
s2b_zbr_emi2dval_apcdval_seed1,S2b,Dval,Dval,1,4,0.66,0.66,0.75,0.53,0.59,0.87,12.82,14.79,14.35,14.35,1.59,278,14.35,497,513,1.59,732,8.32,8.72,6.97,7.47,2.89,35,6.97,35,27,2.89,27,16.21,44.51,20.79,27.74,63.08,35.35
s2b_zbr_emi2dval_apcdval_seed2,S2b,Dval,Dval,2,0,0.69,0.68,0.79,0.57,0.6,0.88,3.1,3.1,14.04,14.04,2.5,278,14.04,497,239,2.5,458,8.37,10.34,6.83,7.27,3.03,35,6.83,35,38,3.03,38,17.36,44.7,21.19,28.19,63.27,35.29
s2b_zbr_emi2dval_apcdval_seed2,S2b,Dval,Dval,2,1,0.69,0.68,0.78,0.57,0.59,0.88,5.82,6.0,14.25,14.25,1.88,278,14.25,497,515,1.88,734,6.21,6.21,6.87,7.32,2.6,35,6.87,35,37,2.6,37,16.01,45.18,21.45,28.14,63.86,36.23
s2b_zbr_emi2dval_apcdval_seed2,S2b,Dval,Dval,2,2,0.67,0.67,0.76,0.54,0.6,0.87,11.68,13.73,14.08,14.08,2.12,278,14.08,497,476,2.12,695,8.73,10.65,6.84,7.31,2.93,35,6.84,35,27,2.93,27,16.22,44.4,20.89,26.57,62.8,34.88
s2b_zbr_emi2dval_apcdval_seed2,S2b,Dval,Dval,2,3,0.66,0.67,0.76,0.55,0.58,0.87,12.46,12.46,14.32,14.32,2.57,278,14.32,497,239,2.57,458,6.01,6.01,6.64,7.37,2.96,62,6.64,62,27,2.96,27,16.54,44.67,21.75,28.03,63.19,35.76
s2b_zbr_emi2dval_apcdval_seed2,S2b,Dval,Dval,2,4,0.66,0.67,0.76,0.55,0.59,0.87,12.4,14.46,14.12,14.12,2.2,278,14.12,497,526,2.2,745,9.63,11.88,7.12,7.62,2.47,35,7.12,35,27,2.47,27,16.54,44.76,17.52,27.26,63.25,32.27
s2b_zbr_emi2dval_apcdval_seed3,S2b,Dval,Dval,3,0,0.55,0.59,0.65,0.55,0.31,0.84,12.78,14.72,14.34,14.34,2.25,519,14.34,738,457,2.25,676,20.55,22.21,44.49,44.49,26.04,21,44.49,21,11,26.04,11,16.66,33.39,18.72,19.02,37.12,19.02
s2b_zbr_emi2dval_apcdval_seed3,S2b,Dval,Dval,3,1,0.55,0.59,0.64,0.54,0.3,0.84,32.9,35.73,11.11,11.79,3.37,451,11.11,670,450,3.37,669,44.39,46.67,32.35,32.35,16.61,1,32.35,1,1,16.61,1,14.15,36.74,14.85,11.53,23.05,11.53
s2b_zbr_emi2dval_apcdval_seed3,S2b,Dval,Dval,3,2,0.54,0.59,0.64,0.54,0.3,0.84,6.36,8.13,9.58,9.58,0.61,192,9.58,411,519,0.61,738,8.64,8.66,14.24,15.31,11.23,28,14.24,28,28,11.23,28,17.27,40.56,21.36,25.54,56.88,30.82
s2b_zbr_emi2dval_apcdval_seed3,S2b,Dval,Dval,3,3,0.53,0.58,0.63,0.53,0.29,0.83,25.48,28.52,10.17,11.69,2.43,451,10.17,670,116,2.43,335,53.93,56.45,32.32,32.34,19.55,1,32.32,1,1,19.55,1,12.7,32.29,13.64,11.59,23.04,11.59
s2b_zbr_emi2dval_apcdval_seed3,S2b,Dval,Dval,3,4,0.54,0.58,0.63,0.54,0.28,0.83,9.03,10.59,17.2,17.2,1.34,451,17.2,670,456,1.34,675,6.87,6.87,40.23,40.23,19.65,1,40.23,1,11,19.65,11,9.72,39.4,16.53,17.0,31.9,17.0
