emi2,apc,seed,model,cif,full,resname,sasa_complex,sasa_free,d_sasa,rel_sasa_complex,rel_sasa_free,buried_pct
dnai,dnai,1,0,14,548,ARG,112.7,229.9,117.1,41.1,83.9,51.0
dnai,dnai,1,0,15,549,ILE,85.1,104.2,19.1,43.2,52.9,18.4
dnai,dnai,1,0,16,550,ALA,10.8,89.4,78.7,8.4,69.3,88.0
dnai,dnai,1,0,17,551,LEU,2.4,179.9,177.6,1.2,89.5,98.7
dnai,dnai,1,0,56,590,MET,53.3,53.3,0.0,23.8,23.8,0.0
dnai,dval,1,0,14,548,ARG,65.4,209.1,143.8,23.9,76.3,68.7
dnai,dval,1,0,15,549,ILE,88.3,107.9,19.6,44.8,54.8,18.2
dnai,dval,1,0,16,550,ALA,10.7,88.5,77.8,8.3,68.6,87.9
dnai,dval,1,0,17,551,LEU,2.0,178.5,176.5,1.0,88.8,98.9
dnai,dval,1,0,56,590,MET,61.2,61.2,0.0,27.3,27.3,0.0
dval,dnai,1,0,14,548,ARG,89.4,206.6,117.2,32.6,75.4,56.7
dval,dnai,1,0,15,549,PHE,113.2,127.3,14.1,47.2,53.1,11.1
dval,dnai,1,0,16,550,ALA,16.5,96.9,80.4,12.8,75.1,83.0
dval,dnai,1,0,17,551,LEU,2.1,180.0,177.9,1.1,89.6,98.8
dval,dnai,1,0,56,590,VAL,39.5,39.5,0.0,22.7,22.7,0.0
dval,dval,1,0,14,548,ARG,85.8,186.0,100.2,31.3,67.9,53.9
dval,dval,1,0,15,549,PHE,117.5,131.7,14.2,49.0,54.9,10.8
dval,dval,1,0,16,550,ALA,16.8,97.9,81.1,13.0,75.9,82.8
dval,dval,1,0,17,551,LEU,2.6,179.1,176.6,1.3,89.1,98.6
dval,dval,1,0,56,590,VAL,42.9,42.9,0.0,24.6,24.6,0.0
