job,emi2,apc,seed,model,sup_rmsd,dbox_bb_rmsd,dR548,dL551,emi2_com_x,emi2_com_y,emi2_com_z,apc10_com_disp,n_iface_B,n_iface_C,iface_B,iface_C
s1_dbox_emi2dnai_apcdnai_seed1,dnai,dnai,1,0,0.5913803873984449,0.526179354859496,2.85662056013183,0.9352448061562614,191.06998383161246,159.56976804422027,192.05912757011023,76.91775701768917,15,16,14;15;16;17;18;19;20;21;54;57;58;61;66;69;70,66;67;71;72;82;84;85;87;102;103;105;113;114;115;116;117
s1_dbox_emi2dnai_apcdnai_seed1,dnai,dnai,1,1,0.5902627752197792,0.4604872894848548,2.94850897740587,0.846160159449996,201.7416082889775,159.87559141458166,183.86783788874598,65.75723434734631,12,12,14;15;16;17;18;19;20;21;59;63;65;81,54;58;61;64;65;66;70;71;82;102;103;105
s1_dbox_emi2dnai_apcdnai_seed1,dnai,dnai,1,2,0.6031906070828185,0.5807234766553446,3.1243025481212126,0.9102231973100655,195.69962799516034,167.94226384444468,189.19345630779983,78.11688916334805,19,13,14;15;16;17;18;19;20;75;88;94;95;96;97;98;99;107;108;109;112,66;67;68;83;84;85;86;87;103;110;111;112;113
s1_dbox_emi2dnai_apcdnai_seed1,dnai,dnai,1,3,0.5877582283057209,0.5281300183754849,2.8364973311265897,0.950679607210553,196.52500978784815,155.65647099053672,177.2849655796869,55.4483943484685,8,16,14;15;16;17;18;19;20;65,14;54;57;58;60;61;62;64;66;67;68;69;70;84;85;87
s1_dbox_emi2dnai_apcdnai_seed1,dnai,dnai,1,4,0.580552102115139,0.4850298161802479,2.203508893156142,0.8987189595010168,199.5983034518346,170.8585559142914,200.70503871950822,72.94011733472972,14,12,14;15;16;17;18;19;20;21;65;67;83;84;85;86,61;62;64;65;66;67;68;69;70;82;83;84
s1_dbox_emi2dnai_apcdnai_seed2,dnai,dnai,2,0,0.5724368130482919,0.5090030339128256,3.016706839326771,0.9231264984076349,183.6612294326454,158.41070787479816,178.25821234629282,77.65297210846543,16,4,14;15;16;17;18;19;20;21;54;58;69;70;72;77;82;105,75;76;106;112
s1_dbox_emi2dnai_apcdnai_seed2,dnai,dnai,2,1,0.5738039078251503,0.5026442392761629,3.2304522734118883,0.9807733825539734,188.57102856042158,169.91990416541014,194.86929833149892,26.700337738791564,12,13,14;15;16;17;18;19;20;21;23;95;106;107,8;11;12;14;20;21;22;24;57;58;61;62;72
s1_dbox_emi2dnai_apcdnai_seed2,dnai,dnai,2,2,0.5716075733221364,0.4816566124883181,3.036266998832517,0.851499603331267,195.58367248515106,151.25880392233012,203.57131338489597,59.81751751927936,8,22,14;15;16;17;18;19;20;22,54;57;61;62;64;65;66;67;68;70;71;72;77;78;79;80;85;86;88;110;111;112
s1_dbox_emi2dnai_apcdnai_seed2,dnai,dnai,2,3,0.5599127022757413,0.4760056707313373,3.0090241429916933,0.8406190216116198,189.62436270727395,159.77621959693548,200.90495697304087,71.61651327105652,10,10,14;15;16;17;18;19;20;57;61;70,65;66;67;85;86;87;90;111;113;114
s1_dbox_emi2dnai_apcdnai_seed2,dnai,dnai,2,4,0.5822876430644831,0.6965694244987847,3.372383986461429,0.9506773743140533,197.55647642667495,168.73347105761587,218.27105844834534,51.26248306559695,8,28,14;15;16;17;18;19;20;21,11;12;14;54;57;58;61;62;64;65;66;67;68;69;70;71;72;74;77;80;81;82;84;89;100;102;103;105
s1_dbox_emi2dnai_apcdnai_seed3,dnai,dnai,3,0,0.5785892031977138,0.8881746207449249,3.2874492311843917,0.8880824776730405,185.0399817677558,152.603370905148,181.24848116310724,76.17864790399713,21,4,14;15;16;17;18;19;20;22;75;88;94;95;96;97;98;99;106;107;108;109;112,53;54;61;77
s1_dbox_emi2dnai_apcdnai_seed3,dnai,dnai,3,1,0.587248183753736,0.711305320877761,3.1145796833677832,0.9510661458404185,201.22458083029184,167.13545441380543,187.34985477867238,79.75317501259855,15,13,14;15;16;17;18;19;20;22;65;66;67;83;85;86;88,53;57;58;61;62;64;65;66;67;68;69;70;82
s1_dbox_emi2dnai_apcdnai_seed3,dnai,dnai,3,2,0.5655861775858324,0.7433745461946448,2.5135385247771156,0.9016349516931255,181.45868929523223,164.33023018490053,169.44997807181065,70.05612122154405,12,15,14;15;16;17;18;19;20;74;77;103;105;106,50;54;57;58;61;64;69;70;71;72;77;84;85;87;103
s1_dbox_emi2dnai_apcdnai_seed3,dnai,dnai,3,3,0.5736750739462232,0.9935264195168552,2.9499023677968172,1.0289756667443386,179.79178241911936,199.97092862965974,207.66399394427728,45.178077165036726,9,10,14;15;16;17;18;19;20;21;112,53;54;57;58;65;67;70;72;79;83
s1_dbox_emi2dnai_apcdnai_seed3,dnai,dnai,3,4,0.570763570431281,0.9582795806138701,3.0113868269520383,0.9966122506834357,197.35996671320586,160.24576562385914,186.72480486243217,54.561165930135836,11,21,14;15;16;17;18;19;20;24;54;58;62,7;8;11;14;61;64;67;69;70;71;72;74;77;82;84;100;101;102;103;104;105
s1_dbox_emi2dnai_apcdval_seed1,dnai,dval,1,0,0.5962451477130322,0.5334715842258793,2.8775641448746354,0.9715793094963526,190.76430030988857,164.34781926404057,178.5805245454645,54.87882164123894,15,13,14;15;16;17;18;19;20;75;93;95;96;98;106;107;112,14;59;63;64;65;68;81;88;90;99;109;110;111
s1_dbox_emi2dnai_apcdval_seed1,dnai,dval,1,1,0.5836932770084577,0.5562662504105553,2.8933904839076714,0.9759853180851756,202.27728587294712,163.27918121424545,190.658487094365,77.29736937902284,13,18,14;15;16;17;18;19;20;63;65;66;67;81;83,54;57;58;61;62;64;66;70;71;72;82;83;84;85;86;87;111;113
s1_dbox_emi2dnai_apcdval_seed1,dnai,dval,1,2,0.5909554071816372,0.5378437143000315,3.0444146718472838,0.8703795320132404,157.22113121421827,171.52641324513425,208.42516351427915,59.188027958495155,10,2,14;15;16;17;18;19;20;21;23;141,4;14
s1_dbox_emi2dnai_apcdval_seed1,dnai,dval,1,3,0.6084445866604888,0.4799616740094097,3.014248879328049,0.8986180751853937,208.09352933935284,168.40562199833082,187.0487901386345,62.65561489170693,10,8,14;15;16;17;18;19;20;21;58;62,57;66;67;71;72;77;78;79
s1_dbox_emi2dnai_apcdval_seed1,dnai,dval,1,4,1.816542933198418,0.6279862784689446,2.945622078282719,0.9450538590389297,196.06929016440188,191.2253740413386,193.8499266679583,54.05981027824643,11,17,11;14;15;16;17;18;19;20;21;63;65,5;6;7;54;57;59;61;62;63;65;66;67;68;69;70;71;72
s1_dbox_emi2dnai_apcdval_seed2,dnai,dval,2,0,0.6007137386951481,0.5237512772524738,2.9146205942357573,0.9905721458467633,189.77850720285954,166.35046030323778,186.08836787153115,55.06034373256874,15,15,14;15;16;17;18;19;20;21;23;75;76;93;95;106;117,50;53;54;57;58;61;79;104;105;106;115;116;117;118;120
s1_dbox_emi2dnai_apcdval_seed2,dnai,dval,2,1,0.5908253409319562,0.5158725764268727,3.0420753783517194,0.9374956142515031,198.06260367773172,168.0054429113425,182.51997989321114,67.29202853135733,14,9,14;15;16;17;18;19;20;21;65;67;68;81;83;86,61;62;64;66;70;71;82;102;105
s1_dbox_emi2dnai_apcdval_seed2,dnai,dval,2,2,0.5792302501952091,0.4848939509928388,3.022809683156889,0.8978926721258736,195.15754786626053,150.67796966971272,200.627322489135,63.73247260531871,9,18,14;15;16;17;18;19;20;22;62,57;61;64;65;66;67;70;71;72;77;78;79;80;82;85;86;88;111
s1_dbox_emi2dnai_apcdval_seed2,dnai,dval,2,3,0.5602000660622904,0.5797383579528782,2.907817634661648,0.9574956295155427,185.61165431243447,161.08208676927913,191.68164462942866,75.06435073029145,12,16,14;15;16;17;18;19;20;21;23;77;117;120,53;54;57;58;61;68;69;70;71;72;82;85;87;102;103;121
s1_dbox_emi2dnai_apcdval_seed2,dnai,dval,2,4,0.5880356605555611,0.7053025304815909,3.370396774424532,0.9823938387768532,159.19643713186903,166.48420835352368,223.9715463565704,58.23028761972689,10,15,14;15;16;17;18;19;20;21;23;62,2;9;66;67;69;71;72;82;83;84;85;87;88;102;103
s1_dbox_emi2dnai_apcdval_seed3,dnai,dval,3,0,19.12717566258985,35.55831337417083,23.74204373136429,31.400782757371367,193.87062314247356,182.37207946317756,181.98918656757562,66.67101406561906,20,27,65;85;86;87;109;110;111;112;113;122;123;126;127;129;133;134;137;138;140;141,13;16;17;20;61;64;65;66;67;68;69;70;71;74;75;77;82;83;88;95;96;98;99;105;106;107;108
s1_dbox_emi2dnai_apcdval_seed3,dnai,dval,3,1,0.5688448039722138,50.36132433010081,42.49858122692931,44.60423775042152,192.37651920027187,154.5393702391331,180.19000501583176,55.674212090542525,10,22,85;87;111;113;121;137;138;139;140;141,54;57;58;61;62;64;65;66;67;68;69;70;71;72;77;82;102;105;117;118;119;122
s1_dbox_emi2dnai_apcdval_seed3,dnai,dval,3,2,0.5669886930505836,63.23693802416578,53.813289864109024,57.71194271736903,179.16235025678836,144.7647970931077,171.30830418191434,81.9512845161778,9,10,65;67;68;83;85;86;87;88;111,75;90;94;97;99;106;107;108;112;115
s1_dbox_emi2dnai_apcdval_seed3,dnai,dval,3,3,0.5943365431570728,5.723309471438021,7.671340185002326,2.0748763516984217,149.28230410802897,140.6517125028078,181.36409940248024,74.34750507931945,17,9,10;13;14;16;17;18;20;21;24;29;65;66;67;68;83;85;86,34;35;36;37;38;39;40;109;112
s1_dbox_emi2dnai_apcdval_seed3,dnai,dval,3,4,26.942996163194525,26.438443567107253,37.042281363251206,16.57986538464382,165.00223797419977,160.61463112555077,198.43338628241258,68.40136482566908,14,19,10;14;16;17;20;21;65;66;67;84;85;86;87;111,54;57;58;61;63;64;65;66;68;69;70;71;72;79;105;126;129;134;138
s1_dbox_emi2dval_apcdnai_seed1,dval,dnai,1,0,0.5754083596303152,0.5846813175675206,2.8474936705539378,0.9327211514609294,197.3620968148435,158.89666808793098,191.2272771448431,81.37751913106081,14,20,14;15;16;17;18;19;20;21;54;57;58;61;62;66,54;57;58;61;64;66;67;70;71;72;82;83;84;85;86;87;103;108;110;111
s1_dbox_emi2dval_apcdnai_seed1,dval,dnai,1,1,0.5707245969137915,0.6482471954826133,2.783088019609764,0.9157820302189058,193.84429235205718,163.49496725623084,180.97517317535116,57.91664014456151,14,9,14;15;16;17;18;19;20;110;111;112;138;139;140;141,12;58;62;64;65;67;68;85;86
s1_dbox_emi2dval_apcdnai_seed1,dval,dnai,1,2,0.5963687211880344,0.6769803095826992,3.520621588760616,0.8259314105204386,178.05879790013827,167.4381458581708,204.22372761956365,74.25769973164758,18,6,14;15;16;17;18;19;20;21;23;61;62;64;69;70;71;82;84;103,65;66;67;83;85;86
s1_dbox_emi2dval_apcdnai_seed1,dval,dnai,1,3,0.6042672813524034,0.5002283871938753,2.984142195609153,0.8518544690280526,203.60700540856217,164.17104395747978,181.30458563707313,58.39427863201923,11,12,14;15;16;17;18;19;20;58;62;63;65,53;54;57;64;65;66;68;70;71;72;77;82
s1_dbox_emi2dval_apcdnai_seed1,dval,dnai,1,4,0.5596330467382928,0.7400328395076358,3.1426138884501547,0.8612421168070362,186.6387727091563,169.82240404845567,207.7634246601327,63.28173670953026,12,22,9;14;15;16;17;18;19;20;21;52;54;77,57;58;61;64;66;67;68;70;71;79;82;84;87;101;102;103;104;109;110;111;113;114
s1_dbox_emi2dval_apcdnai_seed2,dval,dnai,2,0,0.6380610999540962,7.472808626995297,7.349471312085021,2.1497581887938306,139.56927849606987,167.56392698930551,189.6334157028047,77.95906472386284,28,11,10;13;14;15;16;17;18;20;21;24;52;54;57;58;60;61;62;63;64;65;66;67;68;69;70;71;72;83,65;66;67;68;81;83;85;86;88;90;97
s1_dbox_emi2dval_apcdnai_seed2,dval,dnai,2,1,0.5610095575552421,5.127161569262355,6.652955441275242,2.2919091075431686,185.21100111529947,160.97378738853996,194.72694470696212,17.783402399807976,14,33,10;13;14;15;16;17;18;20;21;24;82;87;103;114,2;3;6;8;9;10;11;12;14;15;16;17;18;19;20;23;52;53;54;55;56;57;58;59;61;62;64;70;71;72;77;78;79
s1_dbox_emi2dval_apcdnai_seed2,dval,dnai,2,2,0.569872868478743,6.338137838274783,9.28636612894185,2.9459666692646826,176.95737108036786,162.13545445126317,213.66293208809373,47.04158430146767,11,11,4;6;9;10;13;14;16;17;20;21;24,65;66;67;68;83;85;86;87;103;111;112
s1_dbox_emi2dval_apcdnai_seed2,dval,dnai,2,3,0.5702198756691235,63.828240674172136,72.98808368117746,68.33950413467011,179.06969445775758,174.45900001428993,225.03836837422529,12.713675076436575,0,18,,53;54;57;61;62;65;66;67;69;70;71;72;77;79;82;84;85;87
s1_dbox_emi2dval_apcdnai_seed2,dval,dnai,2,4,0.5485976951349767,62.646053210575474,61.59539280545481,56.95354034016077,164.38250496593136,145.46469212288804,164.20306213252582,80.26452003156709,7,13,71;82;84;102;103;116;117,53;54;55;57;58;61;62;64;65;66;68;70;77
s1_dbox_emi2dval_apcdnai_seed3,dval,dnai,3,0,0.5493532435715458,7.821734904918096,7.656630553586307,1.7284315151428342,180.02906597161734,140.70503997302674,183.66695123425546,77.3993537578647,10,10,10;13;14;15;16;17;18;20;21;24,75;90;94;96;97;98;99;106;107;108
s1_dbox_emi2dval_apcdnai_seed3,dval,dnai,3,1,0.5745134751374982,28.033903217739777,30.459733440524317,24.66049599269669,190.17765571262257,165.06410583391434,199.59446500555677,18.822376968840878,12,39,13;17;20;21;24;129;130;134;135;138;139;141,53;68;73;75;76;78;81;82;83;88;90;91;92;93;94;95;96;97;99;108;109;110;111;112;125;126;127;128;129;130;131;132;133;134;135;137;138;140;141
s1_dbox_emi2dval_apcdnai_seed3,dval,dnai,3,2,0.5704495603540619,84.99272497014813,81.20541854615936,79.73786208767261,184.5301610232561,152.21562300937464,163.58566314628487,69.10863775072562,15,13,65;66;67;83;85;86;88;111;129;130;134;135;137;138;141,61;64;66;68;69;70;72;74;75;98;104;105;106
s1_dbox_emi2dval_apcdnai_seed3,dval,dnai,3,3,0.5891077006430339,35.052076178403304,37.59149406998708,24.880885310534588,176.69121627206513,152.3965670214623,181.77577676296826,74.19663060076464,21,16,9;10;12;13;14;15;17;20;21;23;65;66;67;68;129;130;135;138;139;140;141,53;54;57;58;61;62;64;68;69;70;72;77;78;79;82;84
s1_dbox_emi2dval_apcdnai_seed3,dval,dnai,3,4,0.5612305699423688,7.616491056879953,7.175490308570512,4.257526644204892,194.05529493269026,167.8735440706148,190.7253696319427,24.58896121914137,13,17,14;17;20;21;64;66;68;69;70;138;139;140;141,2;5;9;10;13;14;17;18;21;54;57;58;59;61;62;72;77
s1_dbox_emi2dval_apcdval_seed1,dval,dval,1,0,0.5628942409516907,0.589854201705082,2.1889125574903914,0.9081143871147549,186.05586324697367,163.8375983190527,204.87759718517748,67.75749064156447,12,19,14;15;16;17;18;19;20;21;53;54;76;77,54;57;58;61;62;64;65;66;70;72;77;79;87;103;104;106;113;114;117
s1_dbox_emi2dval_apcdval_seed1,dval,dval,1,1,0.6388109659307604,0.7546320540503152,2.880151552798382,0.9112701937217651,211.0906484673634,179.91804172407817,220.57375768422688,48.381342436056926,8,14,14;15;16;17;18;19;20;21,7;10;11;12;13;14;62;64;65;66;67;83;85;86
s1_dbox_emi2dval_apcdval_seed1,dval,dval,1,2,0.5863299343628922,0.6893908379573539,2.9267975971540494,0.9317182076871305,189.60591887510836,147.34772817221798,188.78066606130565,55.762288624459984,8,12,14;15;16;17;18;19;20;21,12;53;74;75;77;98;105;106;107;112;115;117
s1_dbox_emi2dval_apcdval_seed1,dval,dval,1,3,0.5897314976021167,0.7298095765180707,3.430091479207867,0.8502400186531934,161.1634948323104,168.1105531104825,208.39242498160633,61.63405017322412,20,0,14;15;16;17;18;19;20;21;23;124;125;126;127;129;134;135;137;138;140;141,
s1_dbox_emi2dval_apcdval_seed1,dval,dval,1,4,0.5901528530135141,0.5798036013333094,3.1735114064642715,0.9672592462299153,201.44956458590354,167.09976913699336,192.70634468014754,76.71701483400298,13,12,14;15;16;17;18;19;20;59;60;62;63;64;65,54;57;58;61;64;65;66;67;68;69;70;82
s1_dbox_emi2dval_apcdval_seed2,dval,dval,2,0,0.5810204079626908,0.5374858291160113,2.974964071308193,1.0404180035414379,188.09158180709665,166.65551817650567,193.34039944966088,31.25895508173992,15,11,14;15;16;17;18;19;20;21;75;95;96;106;107;112;115,8;11;12;14;20;21;22;57;61;66;77
s1_dbox_emi2dval_apcdval_seed2,dval,dval,2,1,0.5722470604831263,0.5427551540973861,2.920798415780615,0.9009457969218226,197.44718331598523,150.26418934370818,201.34292394040907,64.12735034874107,8,19,9;14;15;16;17;18;19;20,54;61;62;64;65;66;67;68;70;71;72;77;78;79;80;85;86;88;111
s1_dbox_emi2dval_apcdval_seed2,dval,dval,2,2,0.5702260176447237,0.6006320916309044,2.9479444830466632,0.9300489354404299,190.39517523243467,146.7909409806133,188.46178457580902,79.74362967264894,7,19,14;15;16;17;18;19;20,57;58;61;62;63;64;66;67;68;69;70;71;72;82;84;85;87;103;111
s1_dbox_emi2dval_apcdval_seed2,dval,dval,2,3,0.5852427356317109,0.8688257272274537,2.9189550040015675,0.8065723993438828,170.58140713556702,170.00100531353542,223.01018480286635,49.29429021769716,10,8,3;9;14;15;16;17;18;19;20;21,13;14;15;16;66;67;85;113
s1_dbox_emi2dval_apcdval_seed2,dval,dval,2,4,0.6347133653385578,0.7889400926775839,3.217753750444085,0.9773327214476685,175.82663558054784,165.16981960653933,231.21870041137907,48.91134186709693,8,18,14;15;16;17;18;19;20;21,8;11;12;15;54;57;58;61;62;64;68;69;70;71;72;82;84;105
s1_dbox_emi2dval_apcdval_seed3,dval,dval,3,0,0.5865465681014728,0.6145215064121365,3.0701966898304374,0.8769927904533389,189.0095850520399,160.42380957401866,200.897237219235,73.37076008156998,14,6,14;15;16;17;18;19;20;54;57;58;61;66;69;82,65;85;86;88;108;111
s1_dbox_emi2dval_apcdval_seed3,dval,dval,3,1,0.5924151985993082,0.5748941822024366,2.854463915734034,0.8852068162918532,201.74187718182125,169.48327878143667,183.39487665711718,84.86085487388064,17,21,14;15;16;17;18;19;20;65;68;81;83;86;88;90;94;95;99,51;54;55;56;57;58;59;61;62;63;64;65;66;67;68;70;83;84;85;86;94
s1_dbox_emi2dval_apcdval_seed3,dval,dval,3,2,0.5725276291293786,0.7296255165195366,2.7385344761848667,0.9148221263143209,198.1348365705986,172.18493651410466,180.36624141336918,54.89973338044021,12,15,14;15;16;17;18;19;20;21;75;94;95;97,4;14;63;65;66;67;68;81;83;86;108;109;110;111;112
s1_dbox_emi2dval_apcdval_seed3,dval,dval,3,3,0.5855954410727083,0.5783613982536223,2.231032477407017,0.8526527240785546,190.72203572117888,166.51828198698325,187.33432051861092,81.20222117268068,20,21,14;15;16;17;18;19;20;21;74;75;76;77;105;116;118;119;122;126;128;129,53;54;57;58;62;66;71;72;82;84;85;87;102;103;113;129;130;134;135;138;141
s1_dbox_emi2dval_apcdval_seed3,dval,dval,3,4,0.5763745553065406,0.6036524067392508,3.0337007715879842,0.9142884979975487,190.92388656784772,159.97091263024333,181.66779875554764,85.96988348290802,21,24,14;15;16;17;18;19;20;22;65;68;83;86;88;90;94;95;97;99;108;109;112,54;57;58;61;62;64;65;66;67;70;72;82;85;125;126;127;128;129;130;134;135;137;138;141
