emi2,apc,seed,model,bsa
dnai,dnai,1,0,842.39036875272
dnai,dnai,1,1,745.4389219409786
dnai,dnai,1,2,1101.71742701549
dnai,dnai,1,3,517.0134285586646
dnai,dnai,1,4,841.3511110533582
dnai,dnai,2,0,930.3061427033972
dnai,dnai,2,1,776.4825383314965
dnai,dnai,2,2,488.01903787024276
dnai,dnai,2,3,576.194950772282
dnai,dnai,2,4,533.8717651448605
dnai,dnai,3,0,1103.3893160239713
dnai,dnai,3,1,955.9304351116152
dnai,dnai,3,2,827.5316018551384
dnai,dnai,3,3,638.9839349273643
dnai,dnai,3,4,643.860245929227
dnai,dval,1,0,946.8775953316544
dnai,dval,1,1,764.1537073075888
dnai,dval,1,2,685.6174748967424
dnai,dval,1,3,672.7182211248073
dnai,dval,1,4,731.6089147967541
dnai,dval,2,0,1058.6495331327242
dnai,dval,2,1,893.9666241961968
dnai,dval,2,2,604.7412598704359
dnai,dval,2,3,839.7948439642678
dnai,dval,2,4,640.78877739358
dval,dnai,1,0,767.399280394824
dval,dnai,1,1,1015.7167189375978
dval,dnai,1,2,978.2509206145296
dval,dnai,1,3,728.4188398286897
dval,dnai,1,4,753.0069193691488
dval,dval,1,0,738.0796770614543
dval,dval,1,1,517.0704220759508
dval,dval,1,2,491.9283754497883
dval,dval,1,3,1056.7376968171884
dval,dval,1,4,874.1995749366397
dval,dval,2,0,893.6600487355099
dval,dval,2,1,543.7592381282811
dval,dval,2,2,467.5775942254695
dval,dval,2,3,641.461584646182
dval,dval,2,4,543.8525208106294
dval,dval,3,0,859.5720971167648
dval,dval,3,1,872.5623665977873
dval,dval,3,2,641.696396077572
dval,dval,3,3,1139.5883940298154
dval,dval,3,4,1052.6892658512152
