job,emi2,apc,seed,model,cif,full,resname,min_sc,min_sc_atom,min_sc_partner,min_bb,min_bb_atom,min_bb_partner,min_any,min_any_atom,min_any_partner,partners_4A,n_partners_4A,partners_5A,n_partners_5A
s1_dbox_emi2dnai_apcdnai_seed1,dnai,dnai,1,0,14,548,ARG,2.3389162020046816,NH1,GLU422:OE2,4.001148460129916,CA,ASP133:OD2,2.3389162020046816,NH1,GLU422:OE2,ASP133;PRO135;GLU422,3,ASP133;ALA134;PRO135;ASP136;GLU422,5
s1_dbox_emi2dnai_apcdnai_seed1,dnai,dnai,1,0,15,549,ILE,4.715789435502819,CG2,ILE172:CD1,3.7988816775466967,O,ASP133:CB,3.7988816775466967,O,ASP133:CB,ASP133,1,ASP133;PRO135;ILE172,3
s1_dbox_emi2dnai_apcdnai_seed1,dnai,dnai,1,0,17,551,LEU,3.3892187890426904,CD2,LEU424:CD1,2.6196186745402468,N,ASP133:O,2.6196186745402468,N,ASP133:O,LEU132;ASP133;VAL156;TYR163;TRP165;ILE172;LEU424,7,LEU132;ASP133;ALA134;PRO135;VAL156;LEU158;TYR163;LEU164;TRP165;ILE172;LEU424,11
s1_dbox_emi2dnai_apcdnai_seed1,dnai,dnai,1,0,56,590,MET,7.218213490885402,CB,PHE377:CZ,4.943748881162959,O,PHE377:CZ,4.943748881162959,O,PHE377:CZ,,0,PHE377,1
s1_dbox_emi2dnai_apcdnai_seed1,dnai,dnai,1,1,14,548,ARG,2.165492322775587,NH1,GLU422:OE2,4.111586798305491,CA,ASP133:OD2,2.165492322775587,NH1,GLU422:OE2,ASP133;PRO135;GLU422,3,ASP133;ALA134;PRO135;ASP136;GLU422,5
s1_dbox_emi2dnai_apcdnai_seed1,dnai,dnai,1,1,15,549,ILE,4.634289697461737,CG2,ILE172:CD1,3.8292853119087384,O,ASP133:CB,3.8292853119087384,O,ASP133:CB,ASP133,1,ASP133;PRO135;ILE172,3
s1_dbox_emi2dnai_apcdnai_seed1,dnai,dnai,1,1,17,551,LEU,3.6371633177518987,CD1,TYR163:CB,2.6247241759849755,N,ASP133:O,2.6247241759849755,N,ASP133:O,LEU132;ASP133;VAL156;TYR163;TRP165;ILE172,6,LEU132;ASP133;ALA134;PRO135;VAL156;LEU158;TYR163;LEU164;TRP165;ILE172,10
s1_dbox_emi2dnai_apcdnai_seed1,dnai,dnai,1,1,56,590,MET,7.366233840980071,CG,PHE377:CZ,7.77574768109151,CA,PHE377:CE2,7.366233840980071,CG,PHE377:CZ,,0,,0
s1_dbox_emi2dnai_apcdnai_seed1,dnai,dnai,1,2,14,548,ARG,2.1432118420725477,NH1,GLU422:OE2,3.9964995933942014,O,PRO135:CG,2.1432118420725477,NH1,GLU422:OE2,ASP133;PRO135;GLU422,3,ASP133;ALA134;PRO135;ASP136;ASP421;GLU422,6
s1_dbox_emi2dnai_apcdnai_seed1,dnai,dnai,1,2,15,549,ILE,4.575563244017067,CG2,ILE172:CD1,3.880194067311583,O,ASP133:CB,3.880194067311583,O,ASP133:CB,ASP133,1,ASP133;PRO135;ILE172,3
s1_dbox_emi2dnai_apcdnai_seed1,dnai,dnai,1,2,17,551,LEU,3.5693981285365193,CD1,TRP165:CB,2.629506797861531,N,ASP133:O,2.629506797861531,N,ASP133:O,LEU132;ASP133;VAL156;TYR163;TRP165;ILE172,6,LEU132;ASP133;ALA134;PRO135;LEU154;VAL156;LEU158;TYR163;LEU164;TRP165;ILE172,11
s1_dbox_emi2dnai_apcdnai_seed1,dnai,dnai,1,2,56,590,MET,11.890565882244632,SD,ASN139:ND2,13.342595174852605,O,ASN139:ND2,11.890565882244632,SD,ASN139:ND2,,0,,0
s1_dbox_emi2dnai_apcdnai_seed1,dnai,dnai,1,3,14,548,ARG,2.198489481439472,NH2,ASP133:OD1,4.195853905940957,CA,ASP133:OD2,2.198489481439472,NH2,ASP133:OD1,ASP133;GLU422,2,ASP133;ALA134;PRO135;ASP421;GLU422,5
s1_dbox_emi2dnai_apcdnai_seed1,dnai,dnai,1,3,15,549,ILE,4.6520831892819805,CG2,ILE172:CD1,3.828238498317472,O,ASP133:CB,3.828238498317472,O,ASP133:CB,ASP133,1,ASP133;PRO135;ILE172,3
s1_dbox_emi2dnai_apcdnai_seed1,dnai,dnai,1,3,17,551,LEU,3.550494895081528,CD1,TYR163:CB,2.6058079361303688,N,ASP133:O,2.6058079361303688,N,ASP133:O,LEU132;ASP133;VAL156;TYR163;TRP165;ILE172,6,LEU132;ASP133;ALA134;PRO135;LEU154;VAL156;LEU158;TYR163;LEU164;TRP165;ILE172;LEU424,12
s1_dbox_emi2dnai_apcdnai_seed1,dnai,dnai,1,3,56,590,MET,19.745521948026596,CB,PHE377:CZ,16.854472077166935,O,PHE377:CZ,16.854472077166935,O,PHE377:CZ,,0,,0
s1_dbox_emi2dnai_apcdnai_seed1,dnai,dnai,1,4,14,548,ARG,2.2775543901299047,NH1,GLU422:OE2,4.268151590560016,CA,ASP133:OD2,2.2775543901299047,NH1,GLU422:OE2,ASP133;PRO135;GLU422,3,ASP133;PRO135;GLU422,3
s1_dbox_emi2dnai_apcdnai_seed1,dnai,dnai,1,4,15,549,ILE,4.8514330872433975,CG2,ILE172:CD1,3.9121478755282246,O,ASP133:CB,3.9121478755282246,O,ASP133:CB,ASP133,1,ASP133;PRO135;ILE172,3
s1_dbox_emi2dnai_apcdnai_seed1,dnai,dnai,1,4,17,551,LEU,3.6057090842163073,CD1,TYR163:CB,2.660943065907274,N,ASP133:O,2.660943065907274,N,ASP133:O,LEU132;ASP133;VAL156;TYR163;TRP165;ILE172,6,LEU132;ASP133;ALA134;PRO135;VAL156;LEU158;TYR163;LEU164;TRP165;ILE172;LEU424,11
s1_dbox_emi2dnai_apcdnai_seed1,dnai,dnai,1,4,56,590,MET,19.56383615245231,CB,ASN139:ND2,16.838386205334523,O,ASN139:ND2,16.838386205334523,O,ASN139:ND2,,0,,0
s1_dbox_emi2dnai_apcdnai_seed2,dnai,dnai,2,0,14,548,ARG,2.1010944766954203,NH1,GLU422:OE2,4.067670217704479,CA,ASP133:OD2,2.1010944766954203,NH1,GLU422:OE2,ASP133;PRO135;GLU422,3,ASP133;ALA134;PRO135;ASP136;ASP421;GLU422,6
s1_dbox_emi2dnai_apcdnai_seed2,dnai,dnai,2,0,15,549,ILE,4.913243429751879,CG2,ILE172:CD1,3.8109767776778702,O,ASP133:CB,3.8109767776778702,O,ASP133:CB,ASP133,1,ASP133;PRO135;ILE172,3
s1_dbox_emi2dnai_apcdnai_seed2,dnai,dnai,2,0,17,551,LEU,3.6169131866828104,CD1,TYR163:CB,2.6247018878341217,N,ASP133:O,2.6247018878341217,N,ASP133:O,LEU132;ASP133;VAL156;TYR163;TRP165;ILE172;LEU424,7,LEU132;ASP133;ALA134;PRO135;VAL156;LEU158;TYR163;LEU164;TRP165;ILE172;LEU424,11
s1_dbox_emi2dnai_apcdnai_seed2,dnai,dnai,2,0,56,590,MET,10.599075808767479,CB,THR334:CG2,8.499316913729007,O,THR334:CG2,8.499316913729007,O,THR334:CG2,,0,,0
s1_dbox_emi2dnai_apcdnai_seed2,dnai,dnai,2,1,14,548,ARG,2.3595194425984287,NH1,GLU422:OE2,4.205417696258006,CA,ASP133:OD2,2.3595194425984287,NH1,GLU422:OE2,ASP133;ALA134;PRO135;GLU422,4,ASP133;ALA134;PRO135;ASP136;GLU422,5
s1_dbox_emi2dnai_apcdnai_seed2,dnai,dnai,2,1,15,549,ILE,4.65844716617029,CG2,ILE172:CD1,3.8828480526541345,O,ASP133:CB,3.8828480526541345,O,ASP133:CB,ASP133,1,ASP133;PRO135;ILE172,3
s1_dbox_emi2dnai_apcdnai_seed2,dnai,dnai,2,1,17,551,LEU,3.5776620857761294,CD1,TYR163:CB,2.670663400730238,N,ASP133:O,2.670663400730238,N,ASP133:O,LEU132;ASP133;VAL156;TYR163;TRP165;ILE172,6,LEU132;ASP133;ALA134;PRO135;LEU154;VAL156;LEU158;TYR163;LEU164;TRP165;ILE172;LEU424,12
s1_dbox_emi2dnai_apcdnai_seed2,dnai,dnai,2,1,56,590,MET,13.427226854417857,CE,ASN139:ND2,17.8959844937349,CA,ASN139:ND2,13.427226854417857,CE,ASN139:ND2,,0,,0
s1_dbox_emi2dnai_apcdnai_seed2,dnai,dnai,2,2,14,548,ARG,2.1219333165771257,NH1,GLU422:OE2,4.210774394336508,CA,ASP133:OD2,2.1219333165771257,NH1,GLU422:OE2,ASP133;PRO135;GLU422,3,ASP133;ALA134;PRO135;ASP136;GLU422,5
s1_dbox_emi2dnai_apcdnai_seed2,dnai,dnai,2,2,15,549,ILE,4.586218267810638,CG2,ILE172:CD1,3.8398153601442875,O,ASP133:CB,3.8398153601442875,O,ASP133:CB,ASP133,1,ASP133;PRO135;ILE172,3
s1_dbox_emi2dnai_apcdnai_seed2,dnai,dnai,2,2,17,551,LEU,3.5962666753176133,CD1,TYR163:CB,2.624219884079838,N,ASP133:O,2.624219884079838,N,ASP133:O,LEU132;ASP133;VAL156;TYR163;TRP165;ILE172,6,LEU132;ASP133;ALA134;PRO135;VAL156;LEU158;TYR163;LEU164;TRP165;ILE172;LEU424,11
s1_dbox_emi2dnai_apcdnai_seed2,dnai,dnai,2,2,56,590,MET,13.92359454307687,CG,ASP136:OD1,12.64856173641889,O,ASP136:OD1,12.64856173641889,O,ASP136:OD1,,0,,0
s1_dbox_emi2dnai_apcdnai_seed2,dnai,dnai,2,3,14,548,ARG,2.1337959133900326,NH1,GLU422:OE2,4.064654597871755,CA,ASP133:OD2,2.1337959133900326,NH1,GLU422:OE2,ASP133;PRO135;GLU422,3,ASP133;ALA134;PRO135;ASP136;GLU422,5
s1_dbox_emi2dnai_apcdnai_seed2,dnai,dnai,2,3,15,549,ILE,4.6451925686670945,CG2,ILE172:CD1,3.8727447630847034,O,ASP133:CB,3.8727447630847034,O,ASP133:CB,ASP133,1,ASP133;PRO135;ILE172,3
s1_dbox_emi2dnai_apcdnai_seed2,dnai,dnai,2,3,17,551,LEU,3.605865915421704,CD1,TRP165:CB,2.6185620099589024,N,ASP133:O,2.6185620099589024,N,ASP133:O,LEU132;ASP133;VAL156;TYR163;TRP165;ILE172,6,LEU132;ASP133;ALA134;PRO135;VAL156;LEU158;TYR163;LEU164;TRP165;ILE172;LEU424,11
s1_dbox_emi2dnai_apcdnai_seed2,dnai,dnai,2,3,56,590,MET,9.521118946846533,CB,PHE377:CE2,7.044891837352791,O,PHE377:CZ,7.044891837352791,O,PHE377:CZ,,0,,0
s1_dbox_emi2dnai_apcdnai_seed2,dnai,dnai,2,4,14,548,ARG,2.284717269160453,NH1,GLU422:OE2,3.9864185680884052,CA,ASP133:OD2,2.284717269160453,NH1,GLU422:OE2,ASP133;ALA134;PRO135;GLU422,4,ASP133;ALA134;PRO135;ASP136;GLU422,5
s1_dbox_emi2dnai_apcdnai_seed2,dnai,dnai,2,4,15,549,ILE,4.214951126644293,CG2,ILE172:CD1,3.9518445060503082,O,ASP133:CB,3.9518445060503082,O,ASP133:CB,ASP133,1,ASP133;PRO135;ILE172,3
s1_dbox_emi2dnai_apcdnai_seed2,dnai,dnai,2,4,17,551,LEU,3.5632625499673742,CD1,TRP165:CB,2.6473906020834934,N,ASP133:O,2.6473906020834934,N,ASP133:O,LEU132;ASP133;VAL156;TYR163;TRP165;ILE172,6,LEU132;ASP133;ALA134;PRO135;LEU154;VAL156;LEU158;TYR163;LEU164;TRP165;ILE172;LEU424,12
s1_dbox_emi2dnai_apcdnai_seed2,dnai,dnai,2,4,56,590,MET,20.93910212974759,CB,ASP133:OD2,18.66428937838245,O,THR400:CG2,18.66428937838245,O,THR400:CG2,,0,,0
s1_dbox_emi2dnai_apcdnai_seed3,dnai,dnai,3,0,14,548,ARG,2.127476204332259,NH1,GLU422:OE2,3.7581601881771878,CA,ASP133:OD2,2.127476204332259,NH1,GLU422:OE2,ASP133;GLU422,2,ASP133;ALA134;PRO135;ASP421;GLU422;THR423,6
s1_dbox_emi2dnai_apcdnai_seed3,dnai,dnai,3,0,15,549,ILE,5.462715167387003,CG2,ILE172:CD1,3.6435814798080215,O,ASP133:CB,3.6435814798080215,O,ASP133:CB,ASP133,1,ASP133;PRO135,2
s1_dbox_emi2dnai_apcdnai_seed3,dnai,dnai,3,0,17,551,LEU,3.529519089054484,CD2,LEU424:CD1,2.434525826521461,N,ASP133:O,2.434525826521461,N,ASP133:O,LEU132;ASP133;VAL156;TYR163;TRP165;ILE172;LEU424,7,LEU132;ASP133;ALA134;PRO135;VAL156;LEU158;TYR163;LEU164;TRP165;ILE172;LEU424,11
s1_dbox_emi2dnai_apcdnai_seed3,dnai,dnai,3,0,56,590,MET,12.613978079892163,CE,THR334:CG2,15.786596783347575,CA,ASN139:ND2,12.613978079892163,CE,THR334:CG2,,0,,0
s1_dbox_emi2dnai_apcdnai_seed3,dnai,dnai,3,1,14,548,ARG,2.261162975108164,NH1,GLU422:OE2,3.5915706870393067,O,PRO135:CG,2.261162975108164,NH1,GLU422:OE2,ASP133;PRO135;GLU422,3,ASP133;ALA134;PRO135;ASP421;GLU422;THR423,6
s1_dbox_emi2dnai_apcdnai_seed3,dnai,dnai,3,1,15,549,ILE,5.30434972451855,CG2,ILE172:CD1,3.698806023570308,O,ASP133:CB,3.698806023570308,O,ASP133:CB,ASP133,1,ASP133;PRO135,2
s1_dbox_emi2dnai_apcdnai_seed3,dnai,dnai,3,1,17,551,LEU,3.5108216986910628,CD1,TYR163:CB,2.4559859527285566,N,ASP133:O,2.4559859527285566,N,ASP133:O,LEU132;ASP133;VAL156;TYR163;TRP165;ILE172;LEU424,7,LEU132;ASP133;ALA134;PRO135;VAL156;LEU158;TYR163;LEU164;TRP165;ILE172;LEU424,11
s1_dbox_emi2dnai_apcdnai_seed3,dnai,dnai,3,1,56,590,MET,19.33915949569681,CB,ASN139:ND2,16.55118032044845,O,ASN139:ND2,16.55118032044845,O,ASN139:ND2,,0,,0
s1_dbox_emi2dnai_apcdnai_seed3,dnai,dnai,3,2,14,548,ARG,2.5819614636938337,NH1,GLU422:OE2,3.775760320783088,CA,ASP133:OD2,2.5819614636938337,NH1,GLU422:OE2,ASP133;PRO135;GLU422,3,ASP133;PRO135;ASP421;GLU422,4
s1_dbox_emi2dnai_apcdnai_seed3,dnai,dnai,3,2,15,549,ILE,5.293317674200178,CG2,ILE172:CD1,3.7104750369730297,O,ASP133:CB,3.7104750369730297,O,ASP133:CB,ASP133,1,ASP133;PRO135,2
s1_dbox_emi2dnai_apcdnai_seed3,dnai,dnai,3,2,17,551,LEU,3.5277404949910927,CD1,TYR163:CB,2.45820462939927,N,ASP133:O,2.45820462939927,N,ASP133:O,LEU132;ASP133;VAL156;TYR163;TRP165;ILE172,6,LEU132;ASP133;ALA134;PRO135;VAL156;LEU158;TYR163;LEU164;TRP165;ILE172,10
s1_dbox_emi2dnai_apcdnai_seed3,dnai,dnai,3,2,56,590,MET,12.702571629398513,CB,GLN266:NE2,13.195873786907786,C,GLN266:NE2,12.702571629398513,CB,GLN266:NE2,,0,,0
s1_dbox_emi2dnai_apcdnai_seed3,dnai,dnai,3,3,14,548,ARG,2.3299753217577206,NH1,GLU422:OE2,3.543334728754821,CA,ASP133:OD2,2.3299753217577206,NH1,GLU422:OE2,ASP133;PRO135;GLU422,3,ASP133;ALA134;PRO135;ASP421;GLU422,5
s1_dbox_emi2dnai_apcdnai_seed3,dnai,dnai,3,3,15,549,ILE,5.403339430389323,CG2,ILE172:CD1,3.6755028227441193,O,ASP133:CB,3.6755028227441193,O,ASP133:CB,ASP133,1,ASP133;PRO135,2
s1_dbox_emi2dnai_apcdnai_seed3,dnai,dnai,3,3,17,551,LEU,3.3750397034701676,CD1,TYR163:CB,2.4668560963299027,N,ASP133:O,2.4668560963299027,N,ASP133:O,LEU132;ASP133;VAL156;TYR163;TRP165;ILE172,6,LEU132;ASP133;ALA134;PRO135;VAL156;LEU158;TYR163;LEU164;TRP165;ILE172;LEU424,11
s1_dbox_emi2dnai_apcdnai_seed3,dnai,dnai,3,3,56,590,MET,22.511916710933345,CE,MET127:CE,23.570285658005925,O,MET127:CE,22.511916710933345,CE,MET127:CE,,0,,0
s1_dbox_emi2dnai_apcdnai_seed3,dnai,dnai,3,4,14,548,ARG,2.505650015465048,NH1,GLU422:OE2,3.6606036387459375,CA,ASP133:OD2,2.505650015465048,NH1,GLU422:OE2,ASP133;PRO135;GLU422,3,ASP133;ALA134;PRO135;ASP421;GLU422,5
s1_dbox_emi2dnai_apcdnai_seed3,dnai,dnai,3,4,15,549,ILE,5.167680911201852,CG2,ILE172:CD1,3.627307679257439,O,ASP133:CB,3.627307679257439,O,ASP133:CB,ASP133,1,ASP133;PRO135,2
s1_dbox_emi2dnai_apcdnai_seed3,dnai,dnai,3,4,17,551,LEU,3.3962605907085517,CD1,TYR163:CB,2.401722298684842,N,ASP133:O,2.401722298684842,N,ASP133:O,LEU132;ASP133;VAL156;TYR163;TRP165;ILE172;LEU424,7,LEU132;ASP133;ALA134;PRO135;VAL156;LEU158;TYR163;LEU164;TRP165;ILE172;LEU424,11
s1_dbox_emi2dnai_apcdnai_seed3,dnai,dnai,3,4,56,590,MET,9.351243874480016,CB,PHE377:CZ,7.498308675961533,C,PHE377:CZ,7.498308675961533,C,PHE377:CZ,,0,,0
s1_dbox_emi2dnai_apcdval_seed1,dnai,dval,1,0,14,548,ARG,2.244603528465551,NH2,ASP133:OD1,4.22051430515287,CA,ASP133:OD2,2.244603528465551,NH2,ASP133:OD1,ASP133;PRO135;GLU422,3,ASP133;ALA134;PRO135;ASP136;GLU422,5
s1_dbox_emi2dnai_apcdval_seed1,dnai,dval,1,0,15,549,ILE,4.6606552114482795,CG2,ILE172:CD1,3.8745411341215608,O,ASP133:CB,3.8745411341215608,O,ASP133:CB,ASP133,1,ASP133;PRO135;ILE172,3
s1_dbox_emi2dnai_apcdval_seed1,dnai,dval,1,0,17,551,LEU,3.556361061534669,CD1,TYR163:CB,2.6406283343174213,N,ASP133:O,2.6406283343174213,N,ASP133:O,LEU132;ASP133;VAL156;TYR163;TRP165;ILE172,6,LEU132;ASP133;ALA134;PRO135;LEU154;VAL156;LEU158;TYR163;LEU164;TRP165;ILE172,11
s1_dbox_emi2dnai_apcdval_seed1,dnai,dval,1,0,56,590,MET,8.971048656651014,CE,PHE377:CZ,13.354647917485508,CA,PHE377:CZ,8.971048656651014,CE,PHE377:CZ,,0,,0
s1_dbox_emi2dnai_apcdval_seed1,dnai,dval,1,1,14,548,ARG,2.2787615057306914,NH1,GLU422:OE2,4.016626445165145,CA,ASP133:OD2,2.2787615057306914,NH1,GLU422:OE2,ASP133;PRO135;GLU422,3,ASP133;ALA134;PRO135;ASP421;GLU422,5
s1_dbox_emi2dnai_apcdval_seed1,dnai,dval,1,1,15,549,ILE,4.626956342996983,CG2,ILE172:CD1,3.8557630891951864,O,ASP133:CB,3.8557630891951864,O,ASP133:CB,ASP133,1,ASP133;PRO135;ILE172,3
s1_dbox_emi2dnai_apcdval_seed1,dnai,dval,1,1,17,551,LEU,3.411636997102708,CD2,LEU424:CD1,2.6253237895543493,N,ASP133:O,2.6253237895543493,N,ASP133:O,LEU132;ASP133;VAL156;TYR163;TRP165;ILE172;LEU424,7,LEU132;ASP133;ALA134;PRO135;LEU154;VAL156;LEU158;TYR163;LEU164;TRP165;ILE172;LEU424,12
s1_dbox_emi2dnai_apcdval_seed1,dnai,dval,1,1,56,590,MET,12.811140074169824,CB,PHE377:CE2,10.634188403446688,O,PHE377:CE2,10.634188403446688,O,PHE377:CE2,,0,,0
s1_dbox_emi2dnai_apcdval_seed1,dnai,dval,1,2,14,548,ARG,2.289948907726981,NH1,GLU422:OE2,4.093211575279246,O,PRO135:CG,2.289948907726981,NH1,GLU422:OE2,ASP133;PRO135;GLU422,3,ASP133;ALA134;PRO135;ASP136;ASP421;GLU422,6
s1_dbox_emi2dnai_apcdval_seed1,dnai,dval,1,2,15,549,ILE,4.476408046637392,CG2,ILE172:CD1,3.6807992338621243,O,ASP133:CB,3.6807992338621243,O,ASP133:CB,ASP133,1,ASP133;PRO135;ILE172,3
s1_dbox_emi2dnai_apcdval_seed1,dnai,dval,1,2,17,551,LEU,3.614392065064331,CD1,TRP165:CB,2.5327457432596745,N,ASP133:O,2.5327457432596745,N,ASP133:O,LEU132;ASP133;VAL156;TYR163;TRP165;ILE172,6,LEU132;ASP133;ALA134;PRO135;LEU154;VAL156;LEU158;TYR163;LEU164;TRP165;ILE172;LEU424,12
s1_dbox_emi2dnai_apcdval_seed1,dnai,dval,1,2,56,590,MET,13.900718722425829,CB,ARG170:NH1,11.94257572720391,C,ARG170:NH1,11.94257572720391,C,ARG170:NH1,,0,,0
s1_dbox_emi2dnai_apcdval_seed1,dnai,dval,1,3,14,548,ARG,2.2374273172552446,NH1,GLU422:OE2,4.156542433321234,CA,ASP133:OD2,2.2374273172552446,NH1,GLU422:OE2,ASP133;PRO135;GLU422,3,ASP133;ALA134;PRO135;ASP136;GLU422,5
s1_dbox_emi2dnai_apcdval_seed1,dnai,dval,1,3,15,549,ILE,4.5960406873742965,CG2,ILE172:CD1,3.8522529771550587,O,ASP133:CB,3.8522529771550587,O,ASP133:CB,ASP133,1,ASP133;PRO135;ILE172,3
s1_dbox_emi2dnai_apcdval_seed1,dnai,dval,1,3,17,551,LEU,3.621137528457047,CD1,TRP165:CB,2.649478816673194,N,ASP133:O,2.649478816673194,N,ASP133:O,LEU132;ASP133;VAL156;TYR163;TRP165;ILE172,6,LEU132;ASP133;ALA134;PRO135;LEU154;VAL156;LEU158;TYR163;LEU164;TRP165;ILE172;LEU424,12
s1_dbox_emi2dnai_apcdval_seed1,dnai,dval,1,3,56,590,MET,9.574084342640814,CB,PHE377:CZ,7.400886500953787,N,PHE377:CZ,7.400886500953787,N,PHE377:CZ,,0,,0
s1_dbox_emi2dnai_apcdval_seed1,dnai,dval,1,4,14,548,ARG,2.220870550032126,NH1,GLU422:OE2,4.116520618192018,CA,ASP133:OD2,2.220870550032126,NH1,GLU422:OE2,ASP133;PRO135;GLU422,3,ASP133;ALA134;PRO135;ASP136;GLU422,5
s1_dbox_emi2dnai_apcdval_seed1,dnai,dval,1,4,15,549,ILE,4.8594628303959695,CG2,ILE172:CD1,3.8690668125531245,O,ASP133:CB,3.8690668125531245,O,ASP133:CB,ASP133,1,ASP133;PRO135;ILE172,3
s1_dbox_emi2dnai_apcdval_seed1,dnai,dval,1,4,17,551,LEU,3.636917376020523,CD1,TRP165:CB,2.64508752218145,N,ASP133:O,2.64508752218145,N,ASP133:O,LEU132;ASP133;VAL156;TYR163;TRP165;ILE172,6,LEU132;ASP133;ALA134;PRO135;VAL156;LEU158;TYR163;LEU164;TRP165;ILE172;LEU424,11
s1_dbox_emi2dnai_apcdval_seed1,dnai,dval,1,4,56,590,MET,15.145819522231209,CB,ALA378:O,12.807526576197295,O,PHE377:CZ,12.807526576197295,O,PHE377:CZ,,0,,0
s1_dbox_emi2dnai_apcdval_seed2,dnai,dval,2,0,14,548,ARG,2.3411591146267696,NH1,GLU422:OE2,4.25940207071368,O,PRO135:CG,2.3411591146267696,NH1,GLU422:OE2,ASP133;PRO135;GLU422,3,ASP133;ALA134;PRO135;ASP136;GLU422,5
s1_dbox_emi2dnai_apcdval_seed2,dnai,dval,2,0,15,549,ILE,4.577519197119767,CG2,ILE172:CD1,3.9283184697781306,O,ASP133:CB,3.9283184697781306,O,ASP133:CB,ASP133,1,ASP133;PRO135;ILE172,3
s1_dbox_emi2dnai_apcdval_seed2,dnai,dval,2,0,17,551,LEU,3.583183221661991,CD1,TYR163:CB,2.715246581804311,N,ASP133:O,2.715246581804311,N,ASP133:O,LEU132;ASP133;VAL156;TYR163;TRP165;ILE172;LEU424,7,LEU132;ASP133;ALA134;PRO135;LEU154;VAL156;LEU158;TYR163;LEU164;TRP165;ILE172;LEU424,12
s1_dbox_emi2dnai_apcdval_seed2,dnai,dval,2,0,56,590,MET,9.433143696562668,CE,GLU422:OE1,13.29179329511259,N,GLU422:OE1,9.433143696562668,CE,GLU422:OE1,,0,,0
s1_dbox_emi2dnai_apcdval_seed2,dnai,dval,2,1,14,548,ARG,2.128823383937708,NH1,GLU422:OE2,4.015669931655239,CA,ASP133:OD2,2.128823383937708,NH1,GLU422:OE2,ASP133;PRO135;GLU422,3,ASP133;ALA134;PRO135;ASP136;ASP421;GLU422,6
s1_dbox_emi2dnai_apcdval_seed2,dnai,dval,2,1,15,549,ILE,4.914719320571623,CG2,ILE172:CD1,3.7407415040336587,O,ASP133:CB,3.7407415040336587,O,ASP133:CB,ASP133,1,ASP133;PRO135;ILE172,3
s1_dbox_emi2dnai_apcdval_seed2,dnai,dval,2,1,17,551,LEU,3.6283532077238583,CD1,TYR163:CB,2.6177813124858234,N,ASP133:O,2.6177813124858234,N,ASP133:O,LEU132;ASP133;VAL156;TYR163;TRP165;ILE172;LEU424,7,LEU132;ASP133;ALA134;PRO135;VAL156;LEU158;TYR163;LEU164;TRP165;ILE172;LEU424,11
s1_dbox_emi2dnai_apcdval_seed2,dnai,dval,2,1,56,590,MET,12.759525931632412,CB,PHE377:CE2,10.868505739060913,O,PHE377:CE2,10.868505739060913,O,PHE377:CE2,,0,,0
s1_dbox_emi2dnai_apcdval_seed2,dnai,dval,2,2,14,548,ARG,2.0920289194941835,NH1,GLU422:OE2,4.237316603700979,CA,ASP133:OD2,2.0920289194941835,NH1,GLU422:OE2,ASP133;PRO135;GLU422,3,ASP133;ALA134;PRO135;ASP136;GLU422,5
s1_dbox_emi2dnai_apcdval_seed2,dnai,dval,2,2,15,549,ILE,4.641609203713729,CG2,ILE172:CD1,3.8091271966160436,O,ASP133:CB,3.8091271966160436,O,ASP133:CB,ASP133,1,ASP133;PRO135;ILE172,3
s1_dbox_emi2dnai_apcdval_seed2,dnai,dval,2,2,17,551,LEU,3.5798470637724185,CD1,TYR163:CB,2.6398924220505653,N,ASP133:O,2.6398924220505653,N,ASP133:O,LEU132;ASP133;VAL156;TYR163;TRP165;ILE172,6,LEU132;ASP133;ALA134;PRO135;LEU154;VAL156;LEU158;TYR163;LEU164;TRP165;ILE172;LEU424,12
s1_dbox_emi2dnai_apcdval_seed2,dnai,dval,2,2,56,590,MET,11.234872584947281,CG,ASP136:OD1,9.226767364575743,N,PRO181:CB,9.226767364575743,N,PRO181:CB,,0,,0
s1_dbox_emi2dnai_apcdval_seed2,dnai,dval,2,3,14,548,ARG,2.2512294418828125,NH1,GLU422:OE2,4.134045234392095,CA,ASP133:OD2,2.2512294418828125,NH1,GLU422:OE2,ASP133;PRO135;GLU422,3,ASP133;ALA134;PRO135;ASP136;GLU422,5
s1_dbox_emi2dnai_apcdval_seed2,dnai,dval,2,3,15,549,ILE,4.518596574158837,CG2,ILE172:CD1,3.9335152217831824,O,ASP133:CB,3.9335152217831824,O,ASP133:CB,ASP133,1,ASP133;PRO135;ILE172,3
s1_dbox_emi2dnai_apcdval_seed2,dnai,dval,2,3,17,551,LEU,3.563872332169041,CD1,TRP165:CB,2.6639476346204694,N,ASP133:O,2.6639476346204694,N,ASP133:O,LEU132;ASP133;VAL156;TYR163;TRP165;ILE172,6,LEU132;ASP133;ALA134;PRO135;LEU154;VAL156;LEU158;TYR163;LEU164;TRP165;ILE172;LEU424,12
s1_dbox_emi2dnai_apcdval_seed2,dnai,dval,2,3,56,590,MET,9.298728407691021,CB,PHE377:CZ,9.426848572030845,C,PHE377:CZ,9.298728407691021,CB,PHE377:CZ,,0,,0
s1_dbox_emi2dnai_apcdval_seed2,dnai,dval,2,4,14,548,ARG,2.195734273540403,NH1,GLU422:OE2,3.6226922309243994,CA,ASP133:OD2,2.195734273540403,NH1,GLU422:OE2,ASP133;ALA134;PRO135;GLU422,4,ASP133;ALA134;PRO135;ASP136;ASP421;GLU422,6
s1_dbox_emi2dnai_apcdval_seed2,dnai,dval,2,4,15,549,ILE,4.502793466282903,CG2,ILE172:CD1,3.5987649270270485,O,ASP133:CB,3.5987649270270485,O,ASP133:CB,ASP133,1,ASP133;PRO135;ILE172,3
s1_dbox_emi2dnai_apcdval_seed2,dnai,dval,2,4,17,551,LEU,3.4727499190123097,CD2,LEU424:CD1,2.598872640203825,N,ASP133:O,2.598872640203825,N,ASP133:O,LEU132;ASP133;VAL156;TYR163;TRP165;ILE172;LEU424,7,LEU132;ASP133;ALA134;PRO135;LEU154;VAL156;LEU158;TYR163;LEU164;TRP165;ILE172;LEU424,12
s1_dbox_emi2dnai_apcdval_seed2,dnai,dval,2,4,56,590,MET,12.388651621544616,CB,GLU171:OE1,9.953367721530235,O,GLU171:OE1,9.953367721530235,O,GLU171:OE1,,0,,0
s1_dbox_emi2dval_apcdnai_seed1,dval,dnai,1,0,14,548,ARG,2.3080671567352624,NH1,GLU422:OE2,3.871530188439708,CA,ASP133:OD2,2.3080671567352624,NH1,GLU422:OE2,ASP133;PRO135;GLU422,3,ASP133;ALA134;PRO135;ASP136;ASP421;GLU422,6
s1_dbox_emi2dval_apcdnai_seed1,dval,dnai,1,0,15,549,PHE,5.981986793699899,CB,ILE172:CD1,3.6989609351816624,O,ASP133:CB,3.6989609351816624,O,ASP133:CB,ASP133,1,ASP133;PRO135,2
s1_dbox_emi2dval_apcdnai_seed1,dval,dnai,1,0,17,551,LEU,3.4966003489103517,CD2,LEU424:CD1,2.6341566012672817,N,ASP133:O,2.6341566012672817,N,ASP133:O,LEU132;ASP133;VAL156;TYR163;TRP165;ILE172;LEU424,7,LEU132;ASP133;ALA134;PRO135;VAL156;LEU158;TYR163;LEU164;TRP165;ILE172;LEU424,11
s1_dbox_emi2dval_apcdnai_seed1,dval,dnai,1,0,56,590,VAL,7.924913501105232,CB,PHE377:CE1,5.972487672653666,C,PHE377:CE1,5.972487672653666,C,PHE377:CE1,,0,,0
s1_dbox_emi2dval_apcdnai_seed1,dval,dnai,1,1,14,548,ARG,2.2940087183792506,NH1,GLU422:OE2,3.8662796070641328,CA,ASP133:OD2,2.2940087183792506,NH1,GLU422:OE2,ASP133;PRO135;GLU422,3,ASP133;ALA134;PRO135;ASP136;GLU422,5
s1_dbox_emi2dval_apcdnai_seed1,dval,dnai,1,1,15,549,PHE,5.9794476333520965,CB,ILE172:CD1,3.6550439121849148,O,ASP133:CB,3.6550439121849148,O,ASP133:CB,ASP133,1,ASP133;PRO135,2
s1_dbox_emi2dval_apcdnai_seed1,dval,dnai,1,1,17,551,LEU,3.557565740783998,CD1,TYR163:CB,2.6042847386566623,N,ASP133:O,2.6042847386566623,N,ASP133:O,LEU132;ASP133;VAL156;TYR163;TRP165;ILE172,6,LEU132;ASP133;ALA134;PRO135;LEU154;VAL156;LEU158;TYR163;LEU164;TRP165;ILE172;LEU424,12
s1_dbox_emi2dval_apcdnai_seed1,dval,dnai,1,1,56,590,VAL,18.56632413807321,CG1,PHE377:CZ,20.582927561452475,O,PHE377:CZ,18.56632413807321,CG1,PHE377:CZ,,0,,0
s1_dbox_emi2dval_apcdnai_seed1,dval,dnai,1,2,14,548,ARG,2.0464867456204052,NH1,GLU422:OE2,3.555905229333311,CA,ASP133:OD2,2.0464867456204052,NH1,GLU422:OE2,ASP133;PRO135;GLU422,3,ASP133;ALA134;PRO135;ASP136;ASP421;GLU422;THR423,7
s1_dbox_emi2dval_apcdnai_seed1,dval,dnai,1,2,15,549,PHE,5.896520075434323,CB,ASP133:OD2,3.540907228380886,O,ASP133:CB,3.540907228380886,O,ASP133:CB,ASP133,1,ASP133;PRO135,2
s1_dbox_emi2dval_apcdnai_seed1,dval,dnai,1,2,17,551,LEU,3.5446778414970215,CD1,TRP165:CB,2.588461512172818,N,ASP133:O,2.588461512172818,N,ASP133:O,LEU132;ASP133;VAL156;TYR163;TRP165;ILE172,6,LEU132;ASP133;ALA134;PRO135;LEU154;VAL156;LEU158;TYR163;LEU164;TRP165;ILE172,11
s1_dbox_emi2dval_apcdnai_seed1,dval,dnai,1,2,56,590,VAL,10.086851094370331,CB,THR400:CG2,8.580386995934392,O,ALA378:O,8.580386995934392,O,ALA378:O,,0,,0
s1_dbox_emi2dval_apcdnai_seed1,dval,dnai,1,3,14,548,ARG,2.1851867197106984,NH1,GLU422:OE2,4.007686988775445,CA,ASP133:OD2,2.1851867197106984,NH1,GLU422:OE2,ASP133;PRO135;GLU422,3,ASP133;ALA134;PRO135;ASP136;GLU422,5
s1_dbox_emi2dval_apcdnai_seed1,dval,dnai,1,3,15,549,PHE,5.926776948730228,CB,ILE172:CD1,3.7220926909468552,O,ASP133:CB,3.7220926909468552,O,ASP133:CB,ASP133,1,ASP133;PRO135,2
s1_dbox_emi2dval_apcdnai_seed1,dval,dnai,1,3,17,551,LEU,3.6177143336642827,CD1,TYR163:CB,2.6278793731828713,N,ASP133:O,2.6278793731828713,N,ASP133:O,LEU132;ASP133;VAL156;TYR163;TRP165;ILE172,6,LEU132;ASP133;ALA134;PRO135;LEU154;VAL156;LEU158;TYR163;LEU164;TRP165;ILE172;LEU424,12
s1_dbox_emi2dval_apcdnai_seed1,dval,dnai,1,3,56,590,VAL,11.709721004362146,CB,PHE377:CE1,8.98791916964099,O,PHE377:CE1,8.98791916964099,O,PHE377:CE1,,0,,0
s1_dbox_emi2dval_apcdnai_seed1,dval,dnai,1,4,14,548,ARG,2.1417941077517226,NH1,GLU422:OE2,3.6702262873016416,CA,ASP133:OD2,2.1417941077517226,NH1,GLU422:OE2,ASP133;ALA134;PRO135;GLU422,4,ASP133;ALA134;PRO135;ASP136;ASP421;GLU422,6
s1_dbox_emi2dval_apcdnai_seed1,dval,dnai,1,4,15,549,PHE,5.916381579986198,CB,ASP133:OD2,3.571072247938986,O,ASP133:CB,3.571072247938986,O,ASP133:CB,ASP133,1,ASP133;PRO135,2
s1_dbox_emi2dval_apcdnai_seed1,dval,dnai,1,4,17,551,LEU,3.6071100620857135,CD1,TYR163:CB,2.60103863869801,N,ASP133:O,2.60103863869801,N,ASP133:O,LEU132;ASP133;VAL156;TYR163;TRP165;ILE172,6,LEU132;ASP133;ALA134;PRO135;VAL156;LEU158;TYR163;LEU164;TRP165;ILE172;LEU424,11
s1_dbox_emi2dval_apcdnai_seed1,dval,dnai,1,4,56,590,VAL,9.588682651960069,CG2,GLN379:NE2,8.41260785963544,C,PHE377:CZ,8.41260785963544,C,PHE377:CZ,,0,,0
s1_dbox_emi2dval_apcdval_seed1,dval,dval,1,0,14,548,ARG,2.339172075756719,NH1,GLU422:OE2,3.818482159183148,CA,ASP133:OD2,2.339172075756719,NH1,GLU422:OE2,ASP133;PRO135;GLU422,3,ASP133;PRO135;GLU422,3
s1_dbox_emi2dval_apcdval_seed1,dval,dval,1,0,15,549,PHE,5.979416359478573,CB,ASP133:OD2,3.675639264128078,O,ASP133:CB,3.675639264128078,O,ASP133:CB,ASP133,1,ASP133;PRO135,2
s1_dbox_emi2dval_apcdval_seed1,dval,dval,1,0,17,551,LEU,3.457543202911569,CD2,LEU424:CD1,2.643284699006144,N,ASP133:O,2.643284699006144,N,ASP133:O,LEU132;ASP133;VAL156;TYR163;TRP165;ILE172;LEU424,7,LEU132;ASP133;ALA134;PRO135;VAL156;LEU158;TYR163;LEU164;TRP165;ILE172;LEU424,11
s1_dbox_emi2dval_apcdval_seed1,dval,dval,1,0,56,590,VAL,8.419060755214918,CB,PHE377:CE2,7.95952140521024,N,PHE377:CZ,7.95952140521024,N,PHE377:CZ,,0,,0
s1_dbox_emi2dval_apcdval_seed1,dval,dval,1,1,14,548,ARG,2.549186536917219,NH2,ASP133:OD1,3.733037101342552,CA,ASP133:OD2,2.549186536917219,NH2,ASP133:OD1,ASP133;PRO135;GLU422,3,ASP133;ALA134;PRO135;ASP421;GLU422,5
s1_dbox_emi2dval_apcdval_seed1,dval,dval,1,1,15,549,PHE,5.798009830967864,CB,ILE172:CD1,3.637145446638065,O,ASP133:CB,3.637145446638065,O,ASP133:CB,ASP133,1,ASP133;PRO135,2
s1_dbox_emi2dval_apcdval_seed1,dval,dval,1,1,17,551,LEU,3.583708135437371,CD1,TYR163:CB,2.627698042013198,N,ASP133:O,2.627698042013198,N,ASP133:O,LEU132;ASP133;VAL156;TYR163;TRP165;ILE172;LEU424,7,LEU132;ASP133;ALA134;PRO135;LEU154;VAL156;LEU158;TYR163;LEU164;TRP165;ILE172;LEU424,12
s1_dbox_emi2dval_apcdval_seed1,dval,dval,1,1,56,590,VAL,37.25230013032753,CG2,MET127:SD,36.31999231828112,O,THR400:CG2,36.31999231828112,O,THR400:CG2,,0,,0
s1_dbox_emi2dval_apcdval_seed1,dval,dval,1,2,14,548,ARG,2.220156751222761,NH1,GLU422:OE2,3.7948558602402818,CA,ASP133:OD2,2.220156751222761,NH1,GLU422:OE2,ASP133;PRO135;GLU422,3,ASP133;ALA134;PRO135;ASP136;GLU422,5
s1_dbox_emi2dval_apcdval_seed1,dval,dval,1,2,15,549,PHE,5.984609928809062,CB,ASP133:OD2,3.6003162361103778,O,ASP133:CB,3.6003162361103778,O,ASP133:CB,ASP133,1,ASP133;PRO135,2
s1_dbox_emi2dval_apcdval_seed1,dval,dval,1,2,17,551,LEU,3.5591282640556803,CD1,TYR163:CB,2.6163937012613374,N,ASP133:O,2.6163937012613374,N,ASP133:O,LEU132;ASP133;VAL156;TYR163;TRP165;ILE172,6,LEU132;ASP133;ALA134;PRO135;LEU154;VAL156;LEU158;TYR163;LEU164;TRP165;ILE172;LEU424,12
s1_dbox_emi2dval_apcdval_seed1,dval,dval,1,2,56,590,VAL,19.1178782557061,CG1,ASP182:OD2,21.32610308987556,CA,ASP182:OD2,19.1178782557061,CG1,ASP182:OD2,,0,,0
s1_dbox_emi2dval_apcdval_seed1,dval,dval,1,3,14,548,ARG,2.0697487770258487,NH1,GLU422:OE2,3.578137644082463,CA,ASP133:OD2,2.0697487770258487,NH1,GLU422:OE2,ASP133;PRO135;GLU422,3,ASP133;ALA134;PRO135;ASP136;ASP421;GLU422;THR423,7
s1_dbox_emi2dval_apcdval_seed1,dval,dval,1,3,15,549,PHE,5.727693078369337,CB,ASP133:OD2,3.460959837964029,O,ASP133:CB,3.460959837964029,O,ASP133:CB,ASP133,1,ASP133;PRO135,2
s1_dbox_emi2dval_apcdval_seed1,dval,dval,1,3,17,551,LEU,3.5537853058393947,CD1,TRP165:CB,2.5237365155657585,N,ASP133:O,2.5237365155657585,N,ASP133:O,LEU132;ASP133;VAL156;TYR163;TRP165;ILE172,6,LEU132;ASP133;ALA134;PRO135;LEU154;VAL156;LEU158;TYR163;LEU164;TRP165;ILE172;LEU424,12
s1_dbox_emi2dval_apcdval_seed1,dval,dval,1,3,56,590,VAL,17.081822707193748,CB,ARG170:NH1,16.36007472476822,N,ARG170:NH1,16.36007472476822,N,ARG170:NH1,,0,,0
s1_dbox_emi2dval_apcdval_seed1,dval,dval,1,4,14,548,ARG,2.1036446943341005,NH1,GLU422:OE2,3.8424019831350296,CA,ASP133:OD2,2.1036446943341005,NH1,GLU422:OE2,ASP133;PRO135;GLU422,3,ASP133;ALA134;PRO135;ASP136;ASP421;GLU422,6
s1_dbox_emi2dval_apcdval_seed1,dval,dval,1,4,15,549,PHE,5.955568990449191,CB,ILE172:CD1,3.673974550810062,O,ASP133:CB,3.673974550810062,O,ASP133:CB,ASP133,1,ASP133;PRO135,2
s1_dbox_emi2dval_apcdval_seed1,dval,dval,1,4,17,551,LEU,3.5628513861793327,CD1,TYR163:CB,2.6296802086945865,N,ASP133:O,2.6296802086945865,N,ASP133:O,LEU132;ASP133;VAL156;TYR163;TRP165;ILE172,6,LEU132;ASP133;ALA134;PRO135;LEU154;VAL156;LEU158;TYR163;LEU164;TRP165;ILE172;LEU424,12
s1_dbox_emi2dval_apcdval_seed1,dval,dval,1,4,56,590,VAL,6.449340586447577,CG1,PHE377:CE2,5.798254737418837,O,PHE377:CE2,5.798254737418837,O,PHE377:CE2,,0,,0
s1_dbox_emi2dval_apcdval_seed2,dval,dval,2,0,14,548,ARG,2.1052819288636857,NH2,ASP133:OD1,4.050978276910408,CA,ASP133:OD2,2.1052819288636857,NH2,ASP133:OD1,ASP133;PRO135;GLU422,3,ASP133;ALA134;PRO135;GLU422,4
s1_dbox_emi2dval_apcdval_seed2,dval,dval,2,0,15,549,PHE,5.923219226062802,CB,ILE172:CD1,3.7012939629270196,O,ASP133:CB,3.7012939629270196,O,ASP133:CB,ASP133,1,ASP133;PRO135,2
s1_dbox_emi2dval_apcdval_seed2,dval,dval,2,0,17,551,LEU,3.4811805468834844,CD2,LEU424:CD1,2.6130769219447028,N,ASP133:O,2.6130769219447028,N,ASP133:O,LEU132;ASP133;VAL156;TYR163;TRP165;ILE172;LEU424,7,LEU132;ASP133;ALA134;PRO135;LEU154;VAL156;LEU158;TYR163;LEU164;TRP165;ILE172;LEU424,12
s1_dbox_emi2dval_apcdval_seed2,dval,dval,2,0,56,590,VAL,12.963247934063439,CG2,ASP182:OD1,15.058738891421154,CA,ASP182:OD1,12.963247934063439,CG2,ASP182:OD1,,0,,0
s1_dbox_emi2dval_apcdval_seed2,dval,dval,2,1,14,548,ARG,2.2042905888289788,NH1,GLU422:OE2,3.9973623803703355,CA,ASP133:OD2,2.2042905888289788,NH1,GLU422:OE2,ASP133;PRO135;GLU422,3,ASP133;ALA134;PRO135;ASP136;GLU422,5
s1_dbox_emi2dval_apcdval_seed2,dval,dval,2,1,15,549,PHE,6.007323280796533,CB,ILE172:CD1,3.732978569453621,O,ASP133:CB,3.732978569453621,O,ASP133:CB,ASP133,1,ASP133;PRO135,2
s1_dbox_emi2dval_apcdval_seed2,dval,dval,2,1,17,551,LEU,3.5247287838924595,CD1,TYR163:CB,2.590885755875777,N,ASP133:O,2.590885755875777,N,ASP133:O,LEU132;ASP133;VAL156;TYR163;TRP165;ILE172;LEU424,7,LEU132;ASP133;ALA134;PRO135;LEU154;VAL156;LEU158;TYR163;LEU164;TRP165;ILE172;LEU424,12
s1_dbox_emi2dval_apcdval_seed2,dval,dval,2,1,56,590,VAL,16.508416944092488,CG2,ASP136:OD1,15.295208334638662,O,ASP136:OD1,15.295208334638662,O,ASP136:OD1,,0,,0
s1_dbox_emi2dval_apcdval_seed2,dval,dval,2,2,14,548,ARG,2.1588830445394693,NH1,GLU422:OE2,3.8541973224006068,CA,ASP133:OD2,2.1588830445394693,NH1,GLU422:OE2,ASP133;GLU422,2,ASP133;ALA134;PRO135;ASP421;GLU422,5
s1_dbox_emi2dval_apcdval_seed2,dval,dval,2,2,15,549,PHE,6.109353648300283,CB,ASP133:OD2,3.7500062666614316,O,ASP133:CB,3.7500062666614316,O,ASP133:CB,ASP133,1,ASP133;PRO135,2
s1_dbox_emi2dval_apcdval_seed2,dval,dval,2,2,17,551,LEU,3.5771962484605173,CD1,TYR163:CB,2.564255447493482,N,ASP133:O,2.564255447493482,N,ASP133:O,LEU132;ASP133;VAL156;TYR163;TRP165;ILE172;LEU424,7,LEU132;ASP133;ALA134;PRO135;VAL156;LEU158;TYR163;LEU164;TRP165;ILE172;LEU424,11
s1_dbox_emi2dval_apcdval_seed2,dval,dval,2,2,56,590,VAL,20.813696500141436,CB,PHE377:CE2,18.15359810065211,O,PHE377:CE2,18.15359810065211,O,PHE377:CE2,,0,,0
s1_dbox_emi2dval_apcdval_seed2,dval,dval,2,3,14,548,ARG,2.4561524789800817,NH1,GLU422:OE2,3.6841501055195893,CA,ASP133:OD2,2.4561524789800817,NH1,GLU422:OE2,ASP133;PRO135;GLU422,3,ASP133;ALA134;PRO135;ASP136;GLU422,5
s1_dbox_emi2dval_apcdval_seed2,dval,dval,2,3,15,549,PHE,5.809960929300645,CB,ILE172:CD1,3.6087086332925247,O,ASP133:CB,3.6087086332925247,O,ASP133:CB,ASP133,1,ASP133;PRO135,2
s1_dbox_emi2dval_apcdval_seed2,dval,dval,2,3,17,551,LEU,3.628223394445276,CD1,TYR163:CB,2.535089939232926,N,ASP133:O,2.535089939232926,N,ASP133:O,LEU132;ASP133;VAL156;TYR163;TRP165;ILE172,6,LEU132;ASP133;ALA134;PRO135;LEU154;VAL156;LEU158;TYR163;LEU164;TRP165;ILE172,11
s1_dbox_emi2dval_apcdval_seed2,dval,dval,2,3,56,590,VAL,21.317610255373374,CG1,ARG170:NH1,19.236758510726283,O,ARG170:NH1,19.236758510726283,O,ARG170:NH1,,0,,0
s1_dbox_emi2dval_apcdval_seed2,dval,dval,2,4,14,548,ARG,2.4534151707364984,NH1,GLU422:OE2,3.5473948187367026,CA,ASP133:OD2,2.4534151707364984,NH1,GLU422:OE2,ASP133;ALA134;PRO135;GLU422,4,ASP133;ALA134;PRO135;ASP136;GLU422,5
s1_dbox_emi2dval_apcdval_seed2,dval,dval,2,4,15,549,PHE,5.779066620138584,CB,ASP133:OD2,3.6038704194240947,O,ASP133:CB,3.6038704194240947,O,ASP133:CB,ASP133,1,ASP133;PRO135,2
s1_dbox_emi2dval_apcdval_seed2,dval,dval,2,4,17,551,LEU,3.4931742012101257,CD2,LEU424:CD1,2.5693859188529857,N,ASP133:O,2.5693859188529857,N,ASP133:O,LEU132;ASP133;VAL156;TYR163;TRP165;ILE172;LEU424,7,LEU132;ASP133;ALA134;PRO135;LEU154;VAL156;LEU158;TYR163;LEU164;TRP165;ILE172;LEU424,12
s1_dbox_emi2dval_apcdval_seed2,dval,dval,2,4,56,590,VAL,23.796685000226397,CB,ILE172:CD1,21.394652439336333,O,ASP133:OD2,21.394652439336333,O,ASP133:OD2,,0,,0
s1_dbox_emi2dval_apcdval_seed3,dval,dval,3,0,14,548,ARG,2.2987479200643106,NH1,GLU422:OE2,3.871656751314607,CA,ASP133:OD2,2.2987479200643106,NH1,GLU422:OE2,ASP133;PRO135;GLU422,3,ASP133;ALA134;PRO135;ASP136;ASP421;GLU422,6
s1_dbox_emi2dval_apcdval_seed3,dval,dval,3,0,15,549,PHE,5.684863410848144,CB,ILE172:CD1,3.759832177105782,O,ASP133:CB,3.759832177105782,O,ASP133:CB,ASP133,1,ASP133;PRO135,2
s1_dbox_emi2dval_apcdval_seed3,dval,dval,3,0,17,551,LEU,3.5389949138138075,CD1,TRP165:CB,2.588569102805641,N,ASP133:O,2.588569102805641,N,ASP133:O,LEU132;ASP133;VAL156;TYR163;TRP165;ILE172,6,LEU132;ASP133;ALA134;PRO135;LEU154;VAL156;LEU158;TYR163;LEU164;TRP165;ILE172;LEU424,12
s1_dbox_emi2dval_apcdval_seed3,dval,dval,3,0,56,590,VAL,7.232599947460111,CB,PHE377:CZ,5.42764304279491,C,PHE377:CZ,5.42764304279491,C,PHE377:CZ,,0,,0
s1_dbox_emi2dval_apcdval_seed3,dval,dval,3,1,14,548,ARG,2.2238869125924543,NH1,GLU422:OE2,3.79281017189102,CA,ASP133:OD2,2.2238869125924543,NH1,GLU422:OE2,ASP133;PRO135;GLU422,3,ASP133;ALA134;PRO135;ASP421;GLU422,5
s1_dbox_emi2dval_apcdval_seed3,dval,dval,3,1,15,549,PHE,5.915584840064422,CB,ILE172:CD1,3.7729994699178,O,ASP133:CB,3.7729994699178,O,ASP133:CB,ASP133,1,ASP133;PRO135,2
s1_dbox_emi2dval_apcdval_seed3,dval,dval,3,1,17,551,LEU,3.6040070754647537,CD1,TRP165:CB,2.6251798033658558,N,ASP133:O,2.6251798033658558,N,ASP133:O,LEU132;ASP133;VAL156;TYR163;TRP165;ILE172,6,LEU132;ASP133;ALA134;PRO135;LEU154;VAL156;LEU158;TYR163;LEU164;TRP165;ILE172;LEU424,12
s1_dbox_emi2dval_apcdval_seed3,dval,dval,3,1,56,590,VAL,11.186753103559584,CG1,THR334:CG2,11.606660760098057,O,THR334:CG2,11.186753103559584,CG1,THR334:CG2,,0,,0
s1_dbox_emi2dval_apcdval_seed3,dval,dval,3,2,14,548,ARG,2.522315008082853,NH2,ASP133:OD1,3.8196855891552115,CA,ASP133:OD2,2.522315008082853,NH2,ASP133:OD1,ASP133;PRO135;GLU422,3,ASP133;ALA134;PRO135;GLU422,4
s1_dbox_emi2dval_apcdval_seed3,dval,dval,3,2,15,549,PHE,5.881878696471051,CB,ILE172:CD1,3.7228710694838734,O,ASP133:CB,3.7228710694838734,O,ASP133:CB,ASP133,1,ASP133;PRO135,2
s1_dbox_emi2dval_apcdval_seed3,dval,dval,3,2,17,551,LEU,3.5830353054358817,CD1,TYR163:CB,2.6305214311995258,N,ASP133:O,2.6305214311995258,N,ASP133:O,LEU132;ASP133;VAL156;TYR163;TRP165;ILE172,6,LEU132;ASP133;ALA134;PRO135;LEU154;VAL156;LEU158;TYR163;LEU164;TRP165;ILE172;LEU424,12
s1_dbox_emi2dval_apcdval_seed3,dval,dval,3,2,56,590,VAL,13.672863781958775,CG1,PHE377:CZ,15.306909714243433,O,PHE377:CZ,13.672863781958775,CG1,PHE377:CZ,,0,,0
s1_dbox_emi2dval_apcdval_seed3,dval,dval,3,3,14,548,ARG,2.3822858770517024,NH1,GLU422:OE2,3.8776392302533775,CA,ASP133:OD2,2.3822858770517024,NH1,GLU422:OE2,ASP133;GLU422,2,ASP133;PRO135;ASP421;GLU422,4
s1_dbox_emi2dval_apcdval_seed3,dval,dval,3,3,15,549,PHE,6.094703520270694,CB,ASP133:OD2,3.6730186495578803,O,ASP133:CB,3.6730186495578803,O,ASP133:CB,ASP133,1,ASP133;PRO135,2
s1_dbox_emi2dval_apcdval_seed3,dval,dval,3,3,17,551,LEU,3.6403046575801885,CD1,TYR163:CB,2.635618333522516,N,ASP133:O,2.635618333522516,N,ASP133:O,LEU132;ASP133;VAL156;TYR163;TRP165;ILE172,6,LEU132;ASP133;ALA134;PRO135;VAL156;LEU158;TYR163;LEU164;TRP165;ILE172;LEU424,11
s1_dbox_emi2dval_apcdval_seed3,dval,dval,3,3,56,590,VAL,12.926224545473438,CG1,PHE377:CE1,14.861273464949093,C,PHE377:CE1,12.926224545473438,CG1,PHE377:CE1,,0,,0
s1_dbox_emi2dval_apcdval_seed3,dval,dval,3,4,14,548,ARG,2.171792117123551,NH1,GLU422:OE2,3.849593355148046,CA,ASP133:OD2,2.171792117123551,NH1,GLU422:OE2,ASP133;PRO135;GLU422,3,ASP133;ALA134;PRO135;ASP136;GLU422,5
s1_dbox_emi2dval_apcdval_seed3,dval,dval,3,4,15,549,PHE,5.927250036905815,CB,ASP133:OD2,3.662945536040634,O,ASP133:CB,3.662945536040634,O,ASP133:CB,ASP133,1,ASP133;PRO135,2
s1_dbox_emi2dval_apcdval_seed3,dval,dval,3,4,17,551,LEU,3.5850630398920464,CD1,TYR163:CB,2.657711421505352,N,ASP133:O,2.657711421505352,N,ASP133:O,LEU132;ASP133;VAL156;TYR163;TRP165;ILE172;LEU424,7,LEU132;ASP133;ALA134;PRO135;VAL156;LEU158;TYR163;LEU164;TRP165;ILE172;LEU424,11
s1_dbox_emi2dval_apcdval_seed3,dval,dval,3,4,56,590,VAL,12.18119940728334,CG1,ASN139:ND2,13.23047425453827,O,ASN139:O,12.18119940728334,CG1,ASN139:ND2,,0,,0
