job,emi2,apc,seed,model,cif,full,resname,cdc20,dmin
s1_dbox_emi2dnai_apcdnai_seed1,dnai,dnai,1,0,14,548,ARG,ASP133,2.411667887583197
s1_dbox_emi2dnai_apcdnai_seed1,dnai,dnai,1,0,14,548,ARG,ALA134,4.227100542925377
s1_dbox_emi2dnai_apcdnai_seed1,dnai,dnai,1,0,14,548,ARG,PRO135,3.7600928180033
s1_dbox_emi2dnai_apcdnai_seed1,dnai,dnai,1,0,14,548,ARG,ASP136,4.797383661955756
s1_dbox_emi2dnai_apcdnai_seed1,dnai,dnai,1,0,14,548,ARG,GLU422,2.3389162020046816
s1_dbox_emi2dnai_apcdnai_seed1,dnai,dnai,1,0,15,549,ILE,ASP133,3.7988816775466967
s1_dbox_emi2dnai_apcdnai_seed1,dnai,dnai,1,0,15,549,ILE,PRO135,4.656916146979672
s1_dbox_emi2dnai_apcdnai_seed1,dnai,dnai,1,0,15,549,ILE,ILE172,4.715789435502819
s1_dbox_emi2dnai_apcdnai_seed1,dnai,dnai,1,0,17,551,LEU,LEU132,3.4355514841143036
s1_dbox_emi2dnai_apcdnai_seed1,dnai,dnai,1,0,17,551,LEU,ASP133,2.6196186745402468
s1_dbox_emi2dnai_apcdnai_seed1,dnai,dnai,1,0,17,551,LEU,ALA134,4.794555870985341
s1_dbox_emi2dnai_apcdnai_seed1,dnai,dnai,1,0,17,551,LEU,PRO135,4.718025540414126
s1_dbox_emi2dnai_apcdnai_seed1,dnai,dnai,1,0,17,551,LEU,VAL156,3.854577279028141
s1_dbox_emi2dnai_apcdnai_seed1,dnai,dnai,1,0,17,551,LEU,LEU158,4.658239796317917
s1_dbox_emi2dnai_apcdnai_seed1,dnai,dnai,1,0,17,551,LEU,TYR163,3.5841987947099136
s1_dbox_emi2dnai_apcdnai_seed1,dnai,dnai,1,0,17,551,LEU,LEU164,4.298515325086093
s1_dbox_emi2dnai_apcdnai_seed1,dnai,dnai,1,0,17,551,LEU,TRP165,3.6230636207497104
s1_dbox_emi2dnai_apcdnai_seed1,dnai,dnai,1,0,17,551,LEU,ILE172,3.7964106732544085
s1_dbox_emi2dnai_apcdnai_seed1,dnai,dnai,1,0,17,551,LEU,LEU424,3.3892187890426904
s1_dbox_emi2dnai_apcdnai_seed1,dnai,dnai,1,0,56,590,MET,PHE377,4.943748881162959
s1_dbox_emi2dnai_apcdnai_seed1,dnai,dnai,1,1,14,548,ARG,ASP133,2.3844047475208563
s1_dbox_emi2dnai_apcdnai_seed1,dnai,dnai,1,1,14,548,ARG,ALA134,4.209283193133957
s1_dbox_emi2dnai_apcdnai_seed1,dnai,dnai,1,1,14,548,ARG,PRO135,3.704147270290425
s1_dbox_emi2dnai_apcdnai_seed1,dnai,dnai,1,1,14,548,ARG,ASP136,4.779640781481386
s1_dbox_emi2dnai_apcdnai_seed1,dnai,dnai,1,1,14,548,ARG,GLU422,2.165492322775587
s1_dbox_emi2dnai_apcdnai_seed1,dnai,dnai,1,1,15,549,ILE,ASP133,3.8292853119087384
s1_dbox_emi2dnai_apcdnai_seed1,dnai,dnai,1,1,15,549,ILE,PRO135,4.70183325948507
s1_dbox_emi2dnai_apcdnai_seed1,dnai,dnai,1,1,15,549,ILE,ILE172,4.634289697461737
s1_dbox_emi2dnai_apcdnai_seed1,dnai,dnai,1,1,17,551,LEU,LEU132,3.5686200414165694
s1_dbox_emi2dnai_apcdnai_seed1,dnai,dnai,1,1,17,551,LEU,ASP133,2.6247241759849755
s1_dbox_emi2dnai_apcdnai_seed1,dnai,dnai,1,1,17,551,LEU,ALA134,4.804351048789004
s1_dbox_emi2dnai_apcdnai_seed1,dnai,dnai,1,1,17,551,LEU,PRO135,4.723451068869031
s1_dbox_emi2dnai_apcdnai_seed1,dnai,dnai,1,1,17,551,LEU,VAL156,3.8752211549794167
s1_dbox_emi2dnai_apcdnai_seed1,dnai,dnai,1,1,17,551,LEU,LEU158,4.7370472870766225
s1_dbox_emi2dnai_apcdnai_seed1,dnai,dnai,1,1,17,551,LEU,TYR163,3.6371633177518987
s1_dbox_emi2dnai_apcdnai_seed1,dnai,dnai,1,1,17,551,LEU,LEU164,4.304735415795028
s1_dbox_emi2dnai_apcdnai_seed1,dnai,dnai,1,1,17,551,LEU,TRP165,3.6667836041959165
s1_dbox_emi2dnai_apcdnai_seed1,dnai,dnai,1,1,17,551,LEU,ILE172,3.75804097902085
s1_dbox_emi2dnai_apcdnai_seed1,dnai,dnai,1,2,14,548,ARG,ASP133,2.3655041745894256
s1_dbox_emi2dnai_apcdnai_seed1,dnai,dnai,1,2,14,548,ARG,ALA134,4.3062289767266195
s1_dbox_emi2dnai_apcdnai_seed1,dnai,dnai,1,2,14,548,ARG,PRO135,3.8538144739984563
s1_dbox_emi2dnai_apcdnai_seed1,dnai,dnai,1,2,14,548,ARG,ASP136,4.857573880035177
s1_dbox_emi2dnai_apcdnai_seed1,dnai,dnai,1,2,14,548,ARG,ASP421,4.873708546887063
s1_dbox_emi2dnai_apcdnai_seed1,dnai,dnai,1,2,14,548,ARG,GLU422,2.1432118420725477
s1_dbox_emi2dnai_apcdnai_seed1,dnai,dnai,1,2,15,549,ILE,ASP133,3.880194067311583
s1_dbox_emi2dnai_apcdnai_seed1,dnai,dnai,1,2,15,549,ILE,PRO135,4.6787362610004015
s1_dbox_emi2dnai_apcdnai_seed1,dnai,dnai,1,2,15,549,ILE,ILE172,4.575563244017067
s1_dbox_emi2dnai_apcdnai_seed1,dnai,dnai,1,2,17,551,LEU,LEU132,3.5633415497254823
s1_dbox_emi2dnai_apcdnai_seed1,dnai,dnai,1,2,17,551,LEU,ASP133,2.629506797861531
s1_dbox_emi2dnai_apcdnai_seed1,dnai,dnai,1,2,17,551,LEU,ALA134,4.805921763824293
s1_dbox_emi2dnai_apcdnai_seed1,dnai,dnai,1,2,17,551,LEU,PRO135,4.711287828184562
s1_dbox_emi2dnai_apcdnai_seed1,dnai,dnai,1,2,17,551,LEU,LEU154,4.9173820270546384
s1_dbox_emi2dnai_apcdnai_seed1,dnai,dnai,1,2,17,551,LEU,VAL156,3.7618282789090736
s1_dbox_emi2dnai_apcdnai_seed1,dnai,dnai,1,2,17,551,LEU,LEU158,4.769597152800224
s1_dbox_emi2dnai_apcdnai_seed1,dnai,dnai,1,2,17,551,LEU,TYR163,3.6268742740822995
s1_dbox_emi2dnai_apcdnai_seed1,dnai,dnai,1,2,17,551,LEU,LEU164,4.1651549791094205
s1_dbox_emi2dnai_apcdnai_seed1,dnai,dnai,1,2,17,551,LEU,TRP165,3.5693981285365193
s1_dbox_emi2dnai_apcdnai_seed1,dnai,dnai,1,2,17,551,LEU,ILE172,3.7019543487190676
s1_dbox_emi2dnai_apcdnai_seed1,dnai,dnai,1,3,14,548,ARG,ASP133,2.198489481439472
s1_dbox_emi2dnai_apcdnai_seed1,dnai,dnai,1,3,14,548,ARG,ALA134,4.490052226867745
s1_dbox_emi2dnai_apcdnai_seed1,dnai,dnai,1,3,14,548,ARG,PRO135,4.031334642522251
s1_dbox_emi2dnai_apcdnai_seed1,dnai,dnai,1,3,14,548,ARG,ASP421,4.994714206038219
s1_dbox_emi2dnai_apcdnai_seed1,dnai,dnai,1,3,14,548,ARG,GLU422,2.331749128873002
s1_dbox_emi2dnai_apcdnai_seed1,dnai,dnai,1,3,15,549,ILE,ASP133,3.828238498317472
s1_dbox_emi2dnai_apcdnai_seed1,dnai,dnai,1,3,15,549,ILE,PRO135,4.619432649146429
s1_dbox_emi2dnai_apcdnai_seed1,dnai,dnai,1,3,15,549,ILE,ILE172,4.6520831892819805
s1_dbox_emi2dnai_apcdnai_seed1,dnai,dnai,1,3,17,551,LEU,LEU132,3.5508914373717504
s1_dbox_emi2dnai_apcdnai_seed1,dnai,dnai,1,3,17,551,LEU,ASP133,2.6058079361303688
s1_dbox_emi2dnai_apcdnai_seed1,dnai,dnai,1,3,17,551,LEU,ALA134,4.788492351460949
s1_dbox_emi2dnai_apcdnai_seed1,dnai,dnai,1,3,17,551,LEU,PRO135,4.6434747765008915
s1_dbox_emi2dnai_apcdnai_seed1,dnai,dnai,1,3,17,551,LEU,LEU154,4.96932399829192
s1_dbox_emi2dnai_apcdnai_seed1,dnai,dnai,1,3,17,551,LEU,VAL156,3.809895667862835
s1_dbox_emi2dnai_apcdnai_seed1,dnai,dnai,1,3,17,551,LEU,LEU158,4.643773788633551
s1_dbox_emi2dnai_apcdnai_seed1,dnai,dnai,1,3,17,551,LEU,TYR163,3.550494895081528
s1_dbox_emi2dnai_apcdnai_seed1,dnai,dnai,1,3,17,551,LEU,LEU164,4.2887894562452
s1_dbox_emi2dnai_apcdnai_seed1,dnai,dnai,1,3,17,551,LEU,TRP165,3.6559476199748824
s1_dbox_emi2dnai_apcdnai_seed1,dnai,dnai,1,3,17,551,LEU,ILE172,3.6724888018889836
s1_dbox_emi2dnai_apcdnai_seed1,dnai,dnai,1,3,17,551,LEU,LEU424,4.941818592380745
s1_dbox_emi2dnai_apcdnai_seed1,dnai,dnai,1,4,14,548,ARG,ASP133,3.27731933140486
s1_dbox_emi2dnai_apcdnai_seed1,dnai,dnai,1,4,14,548,ARG,PRO135,3.8160216194356127
s1_dbox_emi2dnai_apcdnai_seed1,dnai,dnai,1,4,14,548,ARG,GLU422,2.2775543901299047
s1_dbox_emi2dnai_apcdnai_seed1,dnai,dnai,1,4,15,549,ILE,ASP133,3.9121478755282246
s1_dbox_emi2dnai_apcdnai_seed1,dnai,dnai,1,4,15,549,ILE,PRO135,4.665108573227423
s1_dbox_emi2dnai_apcdnai_seed1,dnai,dnai,1,4,15,549,ILE,ILE172,4.8514330872433975
s1_dbox_emi2dnai_apcdnai_seed1,dnai,dnai,1,4,17,551,LEU,LEU132,3.5360493492031453
s1_dbox_emi2dnai_apcdnai_seed1,dnai,dnai,1,4,17,551,LEU,ASP133,2.660943065907274
s1_dbox_emi2dnai_apcdnai_seed1,dnai,dnai,1,4,17,551,LEU,ALA134,4.822786124223217
s1_dbox_emi2dnai_apcdnai_seed1,dnai,dnai,1,4,17,551,LEU,PRO135,4.70563417617647
s1_dbox_emi2dnai_apcdnai_seed1,dnai,dnai,1,4,17,551,LEU,VAL156,3.8693530466991506
s1_dbox_emi2dnai_apcdnai_seed1,dnai,dnai,1,4,17,551,LEU,LEU158,4.725457649794357
s1_dbox_emi2dnai_apcdnai_seed1,dnai,dnai,1,4,17,551,LEU,TYR163,3.6057090842163073
s1_dbox_emi2dnai_apcdnai_seed1,dnai,dnai,1,4,17,551,LEU,LEU164,4.325350043638085
s1_dbox_emi2dnai_apcdnai_seed1,dnai,dnai,1,4,17,551,LEU,TRP165,3.6290730221366436
s1_dbox_emi2dnai_apcdnai_seed1,dnai,dnai,1,4,17,551,LEU,ILE172,3.668023037005085
s1_dbox_emi2dnai_apcdnai_seed1,dnai,dnai,1,4,17,551,LEU,LEU424,4.756279848789387
s1_dbox_emi2dnai_apcdnai_seed2,dnai,dnai,2,0,14,548,ARG,ASP133,2.3981388617008825
s1_dbox_emi2dnai_apcdnai_seed2,dnai,dnai,2,0,14,548,ARG,ALA134,4.188878847615433
s1_dbox_emi2dnai_apcdnai_seed2,dnai,dnai,2,0,14,548,ARG,PRO135,3.8054057602310944
s1_dbox_emi2dnai_apcdnai_seed2,dnai,dnai,2,0,14,548,ARG,ASP136,4.847272325751876
s1_dbox_emi2dnai_apcdnai_seed2,dnai,dnai,2,0,14,548,ARG,ASP421,4.98292895795234
s1_dbox_emi2dnai_apcdnai_seed2,dnai,dnai,2,0,14,548,ARG,GLU422,2.1010944766954203
s1_dbox_emi2dnai_apcdnai_seed2,dnai,dnai,2,0,15,549,ILE,ASP133,3.8109767776778702
s1_dbox_emi2dnai_apcdnai_seed2,dnai,dnai,2,0,15,549,ILE,PRO135,4.561593033140945
s1_dbox_emi2dnai_apcdnai_seed2,dnai,dnai,2,0,15,549,ILE,ILE172,4.913243429751879
s1_dbox_emi2dnai_apcdnai_seed2,dnai,dnai,2,0,17,551,LEU,LEU132,3.5300263455107523
s1_dbox_emi2dnai_apcdnai_seed2,dnai,dnai,2,0,17,551,LEU,ASP133,2.6247018878341217
s1_dbox_emi2dnai_apcdnai_seed2,dnai,dnai,2,0,17,551,LEU,ALA134,4.783682577262
s1_dbox_emi2dnai_apcdnai_seed2,dnai,dnai,2,0,17,551,LEU,PRO135,4.678621485010303
s1_dbox_emi2dnai_apcdnai_seed2,dnai,dnai,2,0,17,551,LEU,VAL156,3.8941142767001584
s1_dbox_emi2dnai_apcdnai_seed2,dnai,dnai,2,0,17,551,LEU,LEU158,4.600515079857906
s1_dbox_emi2dnai_apcdnai_seed2,dnai,dnai,2,0,17,551,LEU,TYR163,3.6169131866828104
s1_dbox_emi2dnai_apcdnai_seed2,dnai,dnai,2,0,17,551,LEU,LEU164,4.416854763290275
s1_dbox_emi2dnai_apcdnai_seed2,dnai,dnai,2,0,17,551,LEU,TRP165,3.6757297234698854
s1_dbox_emi2dnai_apcdnai_seed2,dnai,dnai,2,0,17,551,LEU,ILE172,3.7212714225113976
s1_dbox_emi2dnai_apcdnai_seed2,dnai,dnai,2,0,17,551,LEU,LEU424,3.8731871888665537
s1_dbox_emi2dnai_apcdnai_seed2,dnai,dnai,2,1,14,548,ARG,ASP133,2.424126440596694
s1_dbox_emi2dnai_apcdnai_seed2,dnai,dnai,2,1,14,548,ARG,ALA134,3.607681942743845
s1_dbox_emi2dnai_apcdnai_seed2,dnai,dnai,2,1,14,548,ARG,PRO135,3.070430751539595
s1_dbox_emi2dnai_apcdnai_seed2,dnai,dnai,2,1,14,548,ARG,ASP136,4.220860220381622
s1_dbox_emi2dnai_apcdnai_seed2,dnai,dnai,2,1,14,548,ARG,GLU422,2.3595194425984287
s1_dbox_emi2dnai_apcdnai_seed2,dnai,dnai,2,1,15,549,ILE,ASP133,3.8828480526541345
s1_dbox_emi2dnai_apcdnai_seed2,dnai,dnai,2,1,15,549,ILE,PRO135,4.587244597795065
s1_dbox_emi2dnai_apcdnai_seed2,dnai,dnai,2,1,15,549,ILE,ILE172,4.65844716617029
s1_dbox_emi2dnai_apcdnai_seed2,dnai,dnai,2,1,17,551,LEU,LEU132,3.6094510662980324
s1_dbox_emi2dnai_apcdnai_seed2,dnai,dnai,2,1,17,551,LEU,ASP133,2.670663400730238
s1_dbox_emi2dnai_apcdnai_seed2,dnai,dnai,2,1,17,551,LEU,ALA134,4.853215531995257
s1_dbox_emi2dnai_apcdnai_seed2,dnai,dnai,2,1,17,551,LEU,PRO135,4.664375842489538
s1_dbox_emi2dnai_apcdnai_seed2,dnai,dnai,2,1,17,551,LEU,LEU154,4.93011095209834
s1_dbox_emi2dnai_apcdnai_seed2,dnai,dnai,2,1,17,551,LEU,VAL156,3.860819343092862
s1_dbox_emi2dnai_apcdnai_seed2,dnai,dnai,2,1,17,551,LEU,LEU158,4.637421913089213
s1_dbox_emi2dnai_apcdnai_seed2,dnai,dnai,2,1,17,551,LEU,TYR163,3.5776620857761294
s1_dbox_emi2dnai_apcdnai_seed2,dnai,dnai,2,1,17,551,LEU,LEU164,4.218740214803467
s1_dbox_emi2dnai_apcdnai_seed2,dnai,dnai,2,1,17,551,LEU,TRP165,3.6345814064345836
s1_dbox_emi2dnai_apcdnai_seed2,dnai,dnai,2,1,17,551,LEU,ILE172,3.734914858467324
s1_dbox_emi2dnai_apcdnai_seed2,dnai,dnai,2,1,17,551,LEU,LEU424,4.992772977013876
s1_dbox_emi2dnai_apcdnai_seed2,dnai,dnai,2,2,14,548,ARG,ASP133,2.3873981653674776
s1_dbox_emi2dnai_apcdnai_seed2,dnai,dnai,2,2,14,548,ARG,ALA134,4.094405695580252
s1_dbox_emi2dnai_apcdnai_seed2,dnai,dnai,2,2,14,548,ARG,PRO135,3.655777482287454
s1_dbox_emi2dnai_apcdnai_seed2,dnai,dnai,2,2,14,548,ARG,ASP136,4.712935921482489
s1_dbox_emi2dnai_apcdnai_seed2,dnai,dnai,2,2,14,548,ARG,GLU422,2.1219333165771257
s1_dbox_emi2dnai_apcdnai_seed2,dnai,dnai,2,2,15,549,ILE,ASP133,3.8398153601442875
s1_dbox_emi2dnai_apcdnai_seed2,dnai,dnai,2,2,15,549,ILE,PRO135,4.6433089494454265
s1_dbox_emi2dnai_apcdnai_seed2,dnai,dnai,2,2,15,549,ILE,ILE172,4.586218267810638
s1_dbox_emi2dnai_apcdnai_seed2,dnai,dnai,2,2,17,551,LEU,LEU132,3.4736695294745585
s1_dbox_emi2dnai_apcdnai_seed2,dnai,dnai,2,2,17,551,LEU,ASP133,2.624219884079838
s1_dbox_emi2dnai_apcdnai_seed2,dnai,dnai,2,2,17,551,LEU,ALA134,4.800949385277874
s1_dbox_emi2dnai_apcdnai_seed2,dnai,dnai,2,2,17,551,LEU,PRO135,4.698514765327443
s1_dbox_emi2dnai_apcdnai_seed2,dnai,dnai,2,2,17,551,LEU,VAL156,3.82928962080436
s1_dbox_emi2dnai_apcdnai_seed2,dnai,dnai,2,2,17,551,LEU,LEU158,4.713694304895046
s1_dbox_emi2dnai_apcdnai_seed2,dnai,dnai,2,2,17,551,LEU,TYR163,3.5962666753176133
s1_dbox_emi2dnai_apcdnai_seed2,dnai,dnai,2,2,17,551,LEU,LEU164,4.3598373822884735
s1_dbox_emi2dnai_apcdnai_seed2,dnai,dnai,2,2,17,551,LEU,TRP165,3.604290915006724
s1_dbox_emi2dnai_apcdnai_seed2,dnai,dnai,2,2,17,551,LEU,ILE172,3.7052407479136917
s1_dbox_emi2dnai_apcdnai_seed2,dnai,dnai,2,2,17,551,LEU,LEU424,4.893634334520714
s1_dbox_emi2dnai_apcdnai_seed2,dnai,dnai,2,3,14,548,ARG,ASP133,2.3860590939874062
s1_dbox_emi2dnai_apcdnai_seed2,dnai,dnai,2,3,14,548,ARG,ALA134,4.160524125636095
s1_dbox_emi2dnai_apcdnai_seed2,dnai,dnai,2,3,14,548,ARG,PRO135,3.7367721364835735
s1_dbox_emi2dnai_apcdnai_seed2,dnai,dnai,2,3,14,548,ARG,ASP136,4.683014947659254
s1_dbox_emi2dnai_apcdnai_seed2,dnai,dnai,2,3,14,548,ARG,GLU422,2.1337959133900326
s1_dbox_emi2dnai_apcdnai_seed2,dnai,dnai,2,3,15,549,ILE,ASP133,3.8727447630847034
s1_dbox_emi2dnai_apcdnai_seed2,dnai,dnai,2,3,15,549,ILE,PRO135,4.618823876269804
s1_dbox_emi2dnai_apcdnai_seed2,dnai,dnai,2,3,15,549,ILE,ILE172,4.6451925686670945
s1_dbox_emi2dnai_apcdnai_seed2,dnai,dnai,2,3,17,551,LEU,LEU132,3.523594329658282
s1_dbox_emi2dnai_apcdnai_seed2,dnai,dnai,2,3,17,551,LEU,ASP133,2.6185620099589024
s1_dbox_emi2dnai_apcdnai_seed2,dnai,dnai,2,3,17,551,LEU,ALA134,4.794665473210828
s1_dbox_emi2dnai_apcdnai_seed2,dnai,dnai,2,3,17,551,LEU,PRO135,4.653019342319566
s1_dbox_emi2dnai_apcdnai_seed2,dnai,dnai,2,3,17,551,LEU,VAL156,3.858728547073504
s1_dbox_emi2dnai_apcdnai_seed2,dnai,dnai,2,3,17,551,LEU,LEU158,4.680017735009133
s1_dbox_emi2dnai_apcdnai_seed2,dnai,dnai,2,3,17,551,LEU,TYR163,3.6252914365606523
s1_dbox_emi2dnai_apcdnai_seed2,dnai,dnai,2,3,17,551,LEU,LEU164,4.38943743548077
s1_dbox_emi2dnai_apcdnai_seed2,dnai,dnai,2,3,17,551,LEU,TRP165,3.605865915421704
s1_dbox_emi2dnai_apcdnai_seed2,dnai,dnai,2,3,17,551,LEU,ILE172,3.781752239372641
s1_dbox_emi2dnai_apcdnai_seed2,dnai,dnai,2,3,17,551,LEU,LEU424,4.998544788235873
s1_dbox_emi2dnai_apcdnai_seed2,dnai,dnai,2,4,14,548,ARG,ASP133,2.4208325014341656
s1_dbox_emi2dnai_apcdnai_seed2,dnai,dnai,2,4,14,548,ARG,ALA134,3.83803295973341
s1_dbox_emi2dnai_apcdnai_seed2,dnai,dnai,2,4,14,548,ARG,PRO135,3.4658027930048183
s1_dbox_emi2dnai_apcdnai_seed2,dnai,dnai,2,4,14,548,ARG,ASP136,4.748743518026637
s1_dbox_emi2dnai_apcdnai_seed2,dnai,dnai,2,4,14,548,ARG,GLU422,2.284717269160453
s1_dbox_emi2dnai_apcdnai_seed2,dnai,dnai,2,4,15,549,ILE,ASP133,3.9518445060503082
s1_dbox_emi2dnai_apcdnai_seed2,dnai,dnai,2,4,15,549,ILE,PRO135,4.8402142514562305
s1_dbox_emi2dnai_apcdnai_seed2,dnai,dnai,2,4,15,549,ILE,ILE172,4.214951126644293
s1_dbox_emi2dnai_apcdnai_seed2,dnai,dnai,2,4,17,551,LEU,LEU132,3.483384704565375
s1_dbox_emi2dnai_apcdnai_seed2,dnai,dnai,2,4,17,551,LEU,ASP133,2.6473906020834934
s1_dbox_emi2dnai_apcdnai_seed2,dnai,dnai,2,4,17,551,LEU,ALA134,4.828413921775969
s1_dbox_emi2dnai_apcdnai_seed2,dnai,dnai,2,4,17,551,LEU,PRO135,4.675485108520826
s1_dbox_emi2dnai_apcdnai_seed2,dnai,dnai,2,4,17,551,LEU,LEU154,4.87766962800885
s1_dbox_emi2dnai_apcdnai_seed2,dnai,dnai,2,4,17,551,LEU,VAL156,3.790414621119964
s1_dbox_emi2dnai_apcdnai_seed2,dnai,dnai,2,4,17,551,LEU,LEU158,4.583548297989234
s1_dbox_emi2dnai_apcdnai_seed2,dnai,dnai,2,4,17,551,LEU,TYR163,3.5666481463693613
s1_dbox_emi2dnai_apcdnai_seed2,dnai,dnai,2,4,17,551,LEU,LEU164,4.207504961375565
s1_dbox_emi2dnai_apcdnai_seed2,dnai,dnai,2,4,17,551,LEU,TRP165,3.5632625499673742
s1_dbox_emi2dnai_apcdnai_seed2,dnai,dnai,2,4,17,551,LEU,ILE172,3.790115037831966
s1_dbox_emi2dnai_apcdnai_seed2,dnai,dnai,2,4,17,551,LEU,LEU424,4.887550920450854
s1_dbox_emi2dnai_apcdnai_seed3,dnai,dnai,3,0,14,548,ARG,ASP133,2.2118196128979415
s1_dbox_emi2dnai_apcdnai_seed3,dnai,dnai,3,0,14,548,ARG,ALA134,4.432734370566321
s1_dbox_emi2dnai_apcdnai_seed3,dnai,dnai,3,0,14,548,ARG,PRO135,4.032708891055739
s1_dbox_emi2dnai_apcdnai_seed3,dnai,dnai,3,0,14,548,ARG,ASP421,4.2767353203115075
s1_dbox_emi2dnai_apcdnai_seed3,dnai,dnai,3,0,14,548,ARG,GLU422,2.127476204332259
s1_dbox_emi2dnai_apcdnai_seed3,dnai,dnai,3,0,14,548,ARG,THR423,4.782509174063338
s1_dbox_emi2dnai_apcdnai_seed3,dnai,dnai,3,0,15,549,ILE,ASP133,3.6435814798080215
s1_dbox_emi2dnai_apcdnai_seed3,dnai,dnai,3,0,15,549,ILE,PRO135,4.353776291910276
s1_dbox_emi2dnai_apcdnai_seed3,dnai,dnai,3,0,17,551,LEU,LEU132,3.6565876168909175
s1_dbox_emi2dnai_apcdnai_seed3,dnai,dnai,3,0,17,551,LEU,ASP133,2.434525826521461
s1_dbox_emi2dnai_apcdnai_seed3,dnai,dnai,3,0,17,551,LEU,ALA134,4.578151264429783
s1_dbox_emi2dnai_apcdnai_seed3,dnai,dnai,3,0,17,551,LEU,PRO135,4.5286864541498115
s1_dbox_emi2dnai_apcdnai_seed3,dnai,dnai,3,0,17,551,LEU,VAL156,3.9436958554127868
s1_dbox_emi2dnai_apcdnai_seed3,dnai,dnai,3,0,17,551,LEU,LEU158,4.960345754078033
s1_dbox_emi2dnai_apcdnai_seed3,dnai,dnai,3,0,17,551,LEU,TYR163,3.563440612666358
s1_dbox_emi2dnai_apcdnai_seed3,dnai,dnai,3,0,17,551,LEU,LEU164,4.513985932632046
s1_dbox_emi2dnai_apcdnai_seed3,dnai,dnai,3,0,17,551,LEU,TRP165,3.8264020959643013
s1_dbox_emi2dnai_apcdnai_seed3,dnai,dnai,3,0,17,551,LEU,ILE172,3.6692463803893016
s1_dbox_emi2dnai_apcdnai_seed3,dnai,dnai,3,0,17,551,LEU,LEU424,3.529519089054484
s1_dbox_emi2dnai_apcdnai_seed3,dnai,dnai,3,1,14,548,ARG,ASP133,2.445022290286941
s1_dbox_emi2dnai_apcdnai_seed3,dnai,dnai,3,1,14,548,ARG,ALA134,4.973188313345878
s1_dbox_emi2dnai_apcdnai_seed3,dnai,dnai,3,1,14,548,ARG,PRO135,3.5915706870393067
s1_dbox_emi2dnai_apcdnai_seed3,dnai,dnai,3,1,14,548,ARG,ASP421,4.256211930813597
s1_dbox_emi2dnai_apcdnai_seed3,dnai,dnai,3,1,14,548,ARG,GLU422,2.261162975108164
s1_dbox_emi2dnai_apcdnai_seed3,dnai,dnai,3,1,14,548,ARG,THR423,4.60875579739261
s1_dbox_emi2dnai_apcdnai_seed3,dnai,dnai,3,1,15,549,ILE,ASP133,3.698806023570308
s1_dbox_emi2dnai_apcdnai_seed3,dnai,dnai,3,1,15,549,ILE,PRO135,4.622739447557044
s1_dbox_emi2dnai_apcdnai_seed3,dnai,dnai,3,1,17,551,LEU,LEU132,3.4673743668660895
s1_dbox_emi2dnai_apcdnai_seed3,dnai,dnai,3,1,17,551,LEU,ASP133,2.4559859527285566
s1_dbox_emi2dnai_apcdnai_seed3,dnai,dnai,3,1,17,551,LEU,ALA134,4.601704684136087
s1_dbox_emi2dnai_apcdnai_seed3,dnai,dnai,3,1,17,551,LEU,PRO135,4.617254703825641
s1_dbox_emi2dnai_apcdnai_seed3,dnai,dnai,3,1,17,551,LEU,VAL156,3.927043799093664
s1_dbox_emi2dnai_apcdnai_seed3,dnai,dnai,3,1,17,551,LEU,LEU158,4.853526243876713
s1_dbox_emi2dnai_apcdnai_seed3,dnai,dnai,3,1,17,551,LEU,TYR163,3.5108216986910628
s1_dbox_emi2dnai_apcdnai_seed3,dnai,dnai,3,1,17,551,LEU,LEU164,4.393428387944885
s1_dbox_emi2dnai_apcdnai_seed3,dnai,dnai,3,1,17,551,LEU,TRP165,3.766697625241506
s1_dbox_emi2dnai_apcdnai_seed3,dnai,dnai,3,1,17,551,LEU,ILE172,3.687213853304416
s1_dbox_emi2dnai_apcdnai_seed3,dnai,dnai,3,1,17,551,LEU,LEU424,3.5486353715195937
s1_dbox_emi2dnai_apcdnai_seed3,dnai,dnai,3,2,14,548,ARG,ASP133,3.257319296599581
s1_dbox_emi2dnai_apcdnai_seed3,dnai,dnai,3,2,14,548,ARG,PRO135,3.822707025132841
s1_dbox_emi2dnai_apcdnai_seed3,dnai,dnai,3,2,14,548,ARG,ASP421,4.551560281925309
s1_dbox_emi2dnai_apcdnai_seed3,dnai,dnai,3,2,14,548,ARG,GLU422,2.5819614636938337
s1_dbox_emi2dnai_apcdnai_seed3,dnai,dnai,3,2,15,549,ILE,ASP133,3.7104750369730297
s1_dbox_emi2dnai_apcdnai_seed3,dnai,dnai,3,2,15,549,ILE,PRO135,4.51769343802786
s1_dbox_emi2dnai_apcdnai_seed3,dnai,dnai,3,2,17,551,LEU,LEU132,3.577154455709174
s1_dbox_emi2dnai_apcdnai_seed3,dnai,dnai,3,2,17,551,LEU,ASP133,2.45820462939927
s1_dbox_emi2dnai_apcdnai_seed3,dnai,dnai,3,2,17,551,LEU,ALA134,4.592799037624005
s1_dbox_emi2dnai_apcdnai_seed3,dnai,dnai,3,2,17,551,LEU,PRO135,4.53806335345817
s1_dbox_emi2dnai_apcdnai_seed3,dnai,dnai,3,2,17,551,LEU,VAL156,3.918650915812739
s1_dbox_emi2dnai_apcdnai_seed3,dnai,dnai,3,2,17,551,LEU,LEU158,4.85376750576292
s1_dbox_emi2dnai_apcdnai_seed3,dnai,dnai,3,2,17,551,LEU,TYR163,3.5277404949910927
s1_dbox_emi2dnai_apcdnai_seed3,dnai,dnai,3,2,17,551,LEU,LEU164,4.509160010467581
s1_dbox_emi2dnai_apcdnai_seed3,dnai,dnai,3,2,17,551,LEU,TRP165,3.8480532740594953
s1_dbox_emi2dnai_apcdnai_seed3,dnai,dnai,3,2,17,551,LEU,ILE172,3.6879216369114993
s1_dbox_emi2dnai_apcdnai_seed3,dnai,dnai,3,3,14,548,ARG,ASP133,2.5480945822319865
s1_dbox_emi2dnai_apcdnai_seed3,dnai,dnai,3,3,14,548,ARG,ALA134,4.38286367572618
s1_dbox_emi2dnai_apcdnai_seed3,dnai,dnai,3,3,14,548,ARG,PRO135,3.951528691531923
s1_dbox_emi2dnai_apcdnai_seed3,dnai,dnai,3,3,14,548,ARG,ASP421,4.588997602962984
s1_dbox_emi2dnai_apcdnai_seed3,dnai,dnai,3,3,14,548,ARG,GLU422,2.3299753217577206
s1_dbox_emi2dnai_apcdnai_seed3,dnai,dnai,3,3,15,549,ILE,ASP133,3.6755028227441193
s1_dbox_emi2dnai_apcdnai_seed3,dnai,dnai,3,3,15,549,ILE,PRO135,4.61090121342889
s1_dbox_emi2dnai_apcdnai_seed3,dnai,dnai,3,3,17,551,LEU,LEU132,3.4319736304348263
s1_dbox_emi2dnai_apcdnai_seed3,dnai,dnai,3,3,17,551,LEU,ASP133,2.4668560963299027
s1_dbox_emi2dnai_apcdnai_seed3,dnai,dnai,3,3,17,551,LEU,ALA134,4.598024032125105
s1_dbox_emi2dnai_apcdnai_seed3,dnai,dnai,3,3,17,551,LEU,PRO135,4.587963709533892
s1_dbox_emi2dnai_apcdnai_seed3,dnai,dnai,3,3,17,551,LEU,VAL156,3.8958012012935157
s1_dbox_emi2dnai_apcdnai_seed3,dnai,dnai,3,3,17,551,LEU,LEU158,4.758512897954569
s1_dbox_emi2dnai_apcdnai_seed3,dnai,dnai,3,3,17,551,LEU,TYR163,3.3750397034701676
s1_dbox_emi2dnai_apcdnai_seed3,dnai,dnai,3,3,17,551,LEU,LEU164,4.472688453268349
s1_dbox_emi2dnai_apcdnai_seed3,dnai,dnai,3,3,17,551,LEU,TRP165,3.905695072583112
s1_dbox_emi2dnai_apcdnai_seed3,dnai,dnai,3,3,17,551,LEU,ILE172,3.720620512763965
s1_dbox_emi2dnai_apcdnai_seed3,dnai,dnai,3,3,17,551,LEU,LEU424,4.132855066415952
s1_dbox_emi2dnai_apcdnai_seed3,dnai,dnai,3,4,14,548,ARG,ASP133,2.5107156350331676
s1_dbox_emi2dnai_apcdnai_seed3,dnai,dnai,3,4,14,548,ARG,ALA134,4.351904180930458
s1_dbox_emi2dnai_apcdnai_seed3,dnai,dnai,3,4,14,548,ARG,PRO135,3.9652830920376925
s1_dbox_emi2dnai_apcdnai_seed3,dnai,dnai,3,4,14,548,ARG,ASP421,4.567097656061231
s1_dbox_emi2dnai_apcdnai_seed3,dnai,dnai,3,4,14,548,ARG,GLU422,2.505650015465048
s1_dbox_emi2dnai_apcdnai_seed3,dnai,dnai,3,4,15,549,ILE,ASP133,3.627307679257439
s1_dbox_emi2dnai_apcdnai_seed3,dnai,dnai,3,4,15,549,ILE,PRO135,4.647375711086848
s1_dbox_emi2dnai_apcdnai_seed3,dnai,dnai,3,4,17,551,LEU,LEU132,3.5835372190058226
s1_dbox_emi2dnai_apcdnai_seed3,dnai,dnai,3,4,17,551,LEU,ASP133,2.401722298684842
s1_dbox_emi2dnai_apcdnai_seed3,dnai,dnai,3,4,17,551,LEU,ALA134,4.577221427897058
s1_dbox_emi2dnai_apcdnai_seed3,dnai,dnai,3,4,17,551,LEU,PRO135,4.516027014976769
s1_dbox_emi2dnai_apcdnai_seed3,dnai,dnai,3,4,17,551,LEU,VAL156,3.952866554792863
s1_dbox_emi2dnai_apcdnai_seed3,dnai,dnai,3,4,17,551,LEU,LEU158,4.765252983840418
s1_dbox_emi2dnai_apcdnai_seed3,dnai,dnai,3,4,17,551,LEU,TYR163,3.3962605907085517
s1_dbox_emi2dnai_apcdnai_seed3,dnai,dnai,3,4,17,551,LEU,LEU164,4.437029298979216
s1_dbox_emi2dnai_apcdnai_seed3,dnai,dnai,3,4,17,551,LEU,TRP165,3.863109757695216
s1_dbox_emi2dnai_apcdnai_seed3,dnai,dnai,3,4,17,551,LEU,ILE172,3.6886349778746084
s1_dbox_emi2dnai_apcdnai_seed3,dnai,dnai,3,4,17,551,LEU,LEU424,3.563658513382
s1_dbox_emi2dnai_apcdval_seed1,dnai,dval,1,0,14,548,ARG,ASP133,2.244603528465551
s1_dbox_emi2dnai_apcdval_seed1,dnai,dval,1,0,14,548,ARG,ALA134,4.369843704298816
s1_dbox_emi2dnai_apcdval_seed1,dnai,dval,1,0,14,548,ARG,PRO135,3.7827410696477752
s1_dbox_emi2dnai_apcdval_seed1,dnai,dval,1,0,14,548,ARG,ASP136,4.8196146111489035
s1_dbox_emi2dnai_apcdval_seed1,dnai,dval,1,0,14,548,ARG,GLU422,2.5023051372684346
s1_dbox_emi2dnai_apcdval_seed1,dnai,dval,1,0,15,549,ILE,ASP133,3.8745411341215608
s1_dbox_emi2dnai_apcdval_seed1,dnai,dval,1,0,15,549,ILE,PRO135,4.625055891554174
s1_dbox_emi2dnai_apcdval_seed1,dnai,dval,1,0,15,549,ILE,ILE172,4.6606552114482795
s1_dbox_emi2dnai_apcdval_seed1,dnai,dval,1,0,17,551,LEU,LEU132,3.535849120084168
s1_dbox_emi2dnai_apcdval_seed1,dnai,dval,1,0,17,551,LEU,ASP133,2.6406283343174213
s1_dbox_emi2dnai_apcdval_seed1,dnai,dval,1,0,17,551,LEU,ALA134,4.813274145527137
s1_dbox_emi2dnai_apcdval_seed1,dnai,dval,1,0,17,551,LEU,PRO135,4.632839949750045
s1_dbox_emi2dnai_apcdval_seed1,dnai,dval,1,0,17,551,LEU,LEU154,4.990034368619118
s1_dbox_emi2dnai_apcdval_seed1,dnai,dval,1,0,17,551,LEU,VAL156,3.808051601541135
s1_dbox_emi2dnai_apcdval_seed1,dnai,dval,1,0,17,551,LEU,LEU158,4.6528932934250715
s1_dbox_emi2dnai_apcdval_seed1,dnai,dval,1,0,17,551,LEU,TYR163,3.556361061534669
s1_dbox_emi2dnai_apcdval_seed1,dnai,dval,1,0,17,551,LEU,LEU164,4.247202137878535
s1_dbox_emi2dnai_apcdval_seed1,dnai,dval,1,0,17,551,LEU,TRP165,3.6697272378202714
s1_dbox_emi2dnai_apcdval_seed1,dnai,dval,1,0,17,551,LEU,ILE172,3.672579202685764
s1_dbox_emi2dnai_apcdval_seed1,dnai,dval,1,1,14,548,ARG,ASP133,2.391775282086509
s1_dbox_emi2dnai_apcdval_seed1,dnai,dval,1,1,14,548,ARG,ALA134,4.321877601228429
s1_dbox_emi2dnai_apcdval_seed1,dnai,dval,1,1,14,548,ARG,PRO135,3.925060636474296
s1_dbox_emi2dnai_apcdval_seed1,dnai,dval,1,1,14,548,ARG,ASP421,4.989966833557113
s1_dbox_emi2dnai_apcdval_seed1,dnai,dval,1,1,14,548,ARG,GLU422,2.2787615057306914
s1_dbox_emi2dnai_apcdval_seed1,dnai,dval,1,1,15,549,ILE,ASP133,3.8557630891951864
s1_dbox_emi2dnai_apcdval_seed1,dnai,dval,1,1,15,549,ILE,PRO135,4.712525755897785
s1_dbox_emi2dnai_apcdval_seed1,dnai,dval,1,1,15,549,ILE,ILE172,4.626956342996983
s1_dbox_emi2dnai_apcdval_seed1,dnai,dval,1,1,17,551,LEU,LEU132,3.4999585711833796
s1_dbox_emi2dnai_apcdval_seed1,dnai,dval,1,1,17,551,LEU,ASP133,2.6253237895543493
s1_dbox_emi2dnai_apcdval_seed1,dnai,dval,1,1,17,551,LEU,ALA134,4.785540303873745
s1_dbox_emi2dnai_apcdval_seed1,dnai,dval,1,1,17,551,LEU,PRO135,4.716255930290468
s1_dbox_emi2dnai_apcdval_seed1,dnai,dval,1,1,17,551,LEU,LEU154,4.98835744509152
s1_dbox_emi2dnai_apcdval_seed1,dnai,dval,1,1,17,551,LEU,VAL156,3.8469049897287557
s1_dbox_emi2dnai_apcdval_seed1,dnai,dval,1,1,17,551,LEU,LEU158,4.668270343499827
s1_dbox_emi2dnai_apcdval_seed1,dnai,dval,1,1,17,551,LEU,TYR163,3.587720306824376
s1_dbox_emi2dnai_apcdval_seed1,dnai,dval,1,1,17,551,LEU,LEU164,4.273954842999633
s1_dbox_emi2dnai_apcdval_seed1,dnai,dval,1,1,17,551,LEU,TRP165,3.6321212810147188
s1_dbox_emi2dnai_apcdval_seed1,dnai,dval,1,1,17,551,LEU,ILE172,3.7526649197603548
s1_dbox_emi2dnai_apcdval_seed1,dnai,dval,1,1,17,551,LEU,LEU424,3.411636997102708
s1_dbox_emi2dnai_apcdval_seed1,dnai,dval,1,2,14,548,ARG,ASP133,2.3317725017677
s1_dbox_emi2dnai_apcdval_seed1,dnai,dval,1,2,14,548,ARG,ALA134,4.393952890052418
s1_dbox_emi2dnai_apcdval_seed1,dnai,dval,1,2,14,548,ARG,PRO135,3.960496054789097
s1_dbox_emi2dnai_apcdval_seed1,dnai,dval,1,2,14,548,ARG,ASP136,4.927322295121357
s1_dbox_emi2dnai_apcdval_seed1,dnai,dval,1,2,14,548,ARG,ASP421,4.827328246556268
s1_dbox_emi2dnai_apcdval_seed1,dnai,dval,1,2,14,548,ARG,GLU422,2.289948907726981
s1_dbox_emi2dnai_apcdval_seed1,dnai,dval,1,2,15,549,ILE,ASP133,3.6807992338621243
s1_dbox_emi2dnai_apcdval_seed1,dnai,dval,1,2,15,549,ILE,PRO135,4.467034139112886
s1_dbox_emi2dnai_apcdval_seed1,dnai,dval,1,2,15,549,ILE,ILE172,4.476408046637392
s1_dbox_emi2dnai_apcdval_seed1,dnai,dval,1,2,17,551,LEU,LEU132,3.473021163194949
s1_dbox_emi2dnai_apcdval_seed1,dnai,dval,1,2,17,551,LEU,ASP133,2.5327457432596745
s1_dbox_emi2dnai_apcdval_seed1,dnai,dval,1,2,17,551,LEU,ALA134,4.708146662966225
s1_dbox_emi2dnai_apcdval_seed1,dnai,dval,1,2,17,551,LEU,PRO135,4.645940378437933
s1_dbox_emi2dnai_apcdval_seed1,dnai,dval,1,2,17,551,LEU,LEU154,4.914298423986888
s1_dbox_emi2dnai_apcdval_seed1,dnai,dval,1,2,17,551,LEU,VAL156,3.765456944382713
s1_dbox_emi2dnai_apcdval_seed1,dnai,dval,1,2,17,551,LEU,LEU158,4.739259119313904
s1_dbox_emi2dnai_apcdval_seed1,dnai,dval,1,2,17,551,LEU,TYR163,3.6966152085387507
s1_dbox_emi2dnai_apcdval_seed1,dnai,dval,1,2,17,551,LEU,LEU164,4.251813142648674
s1_dbox_emi2dnai_apcdval_seed1,dnai,dval,1,2,17,551,LEU,TRP165,3.614392065064331
s1_dbox_emi2dnai_apcdval_seed1,dnai,dval,1,2,17,551,LEU,ILE172,3.807582435089228
s1_dbox_emi2dnai_apcdval_seed1,dnai,dval,1,2,17,551,LEU,LEU424,4.955205444782283
s1_dbox_emi2dnai_apcdval_seed1,dnai,dval,1,3,14,548,ARG,ASP133,2.4121560894767997
s1_dbox_emi2dnai_apcdval_seed1,dnai,dval,1,3,14,548,ARG,ALA134,4.0987542009737545
s1_dbox_emi2dnai_apcdval_seed1,dnai,dval,1,3,14,548,ARG,PRO135,3.629345533288336
s1_dbox_emi2dnai_apcdval_seed1,dnai,dval,1,3,14,548,ARG,ASP136,4.716351662037088
s1_dbox_emi2dnai_apcdval_seed1,dnai,dval,1,3,14,548,ARG,GLU422,2.2374273172552446
s1_dbox_emi2dnai_apcdval_seed1,dnai,dval,1,3,15,549,ILE,ASP133,3.8522529771550587
s1_dbox_emi2dnai_apcdval_seed1,dnai,dval,1,3,15,549,ILE,PRO135,4.68067238759561
s1_dbox_emi2dnai_apcdval_seed1,dnai,dval,1,3,15,549,ILE,ILE172,4.5960406873742965
s1_dbox_emi2dnai_apcdval_seed1,dnai,dval,1,3,17,551,LEU,LEU132,3.5061438932251483
s1_dbox_emi2dnai_apcdval_seed1,dnai,dval,1,3,17,551,LEU,ASP133,2.649478816673194
s1_dbox_emi2dnai_apcdval_seed1,dnai,dval,1,3,17,551,LEU,ALA134,4.808231899565578
s1_dbox_emi2dnai_apcdval_seed1,dnai,dval,1,3,17,551,LEU,PRO135,4.723986134611319
s1_dbox_emi2dnai_apcdval_seed1,dnai,dval,1,3,17,551,LEU,LEU154,4.955852298041176
s1_dbox_emi2dnai_apcdval_seed1,dnai,dval,1,3,17,551,LEU,VAL156,3.8301432088108665
s1_dbox_emi2dnai_apcdval_seed1,dnai,dval,1,3,17,551,LEU,LEU158,4.717172988136008
s1_dbox_emi2dnai_apcdval_seed1,dnai,dval,1,3,17,551,LEU,TYR163,3.640322513184787
s1_dbox_emi2dnai_apcdval_seed1,dnai,dval,1,3,17,551,LEU,LEU164,4.236259789012001
s1_dbox_emi2dnai_apcdval_seed1,dnai,dval,1,3,17,551,LEU,TRP165,3.621137528457047
s1_dbox_emi2dnai_apcdval_seed1,dnai,dval,1,3,17,551,LEU,ILE172,3.789156370486708
s1_dbox_emi2dnai_apcdval_seed1,dnai,dval,1,3,17,551,LEU,LEU424,4.868525341414995
s1_dbox_emi2dnai_apcdval_seed1,dnai,dval,1,4,14,548,ARG,ASP133,2.452261405315511
s1_dbox_emi2dnai_apcdval_seed1,dnai,dval,1,4,14,548,ARG,ALA134,4.155854063847767
s1_dbox_emi2dnai_apcdval_seed1,dnai,dval,1,4,14,548,ARG,PRO135,3.7224955339126997
s1_dbox_emi2dnai_apcdval_seed1,dnai,dval,1,4,14,548,ARG,ASP136,4.734863461600557
s1_dbox_emi2dnai_apcdval_seed1,dnai,dval,1,4,14,548,ARG,GLU422,2.220870550032126
s1_dbox_emi2dnai_apcdval_seed1,dnai,dval,1,4,15,549,ILE,ASP133,3.8690668125531245
s1_dbox_emi2dnai_apcdval_seed1,dnai,dval,1,4,15,549,ILE,PRO135,4.638306803134093
s1_dbox_emi2dnai_apcdval_seed1,dnai,dval,1,4,15,549,ILE,ILE172,4.8594628303959695
s1_dbox_emi2dnai_apcdval_seed1,dnai,dval,1,4,17,551,LEU,LEU132,3.518713969620151
s1_dbox_emi2dnai_apcdval_seed1,dnai,dval,1,4,17,551,LEU,ASP133,2.64508752218145
s1_dbox_emi2dnai_apcdval_seed1,dnai,dval,1,4,17,551,LEU,ALA134,4.799535498358148
s1_dbox_emi2dnai_apcdval_seed1,dnai,dval,1,4,17,551,LEU,PRO135,4.698577444290985
s1_dbox_emi2dnai_apcdval_seed1,dnai,dval,1,4,17,551,LEU,VAL156,3.8492164137652747
s1_dbox_emi2dnai_apcdval_seed1,dnai,dval,1,4,17,551,LEU,LEU158,4.753789751345763
s1_dbox_emi2dnai_apcdval_seed1,dnai,dval,1,4,17,551,LEU,TYR163,3.649265405530269
s1_dbox_emi2dnai_apcdval_seed1,dnai,dval,1,4,17,551,LEU,LEU164,4.384719603349799
s1_dbox_emi2dnai_apcdval_seed1,dnai,dval,1,4,17,551,LEU,TRP165,3.636917376020523
s1_dbox_emi2dnai_apcdval_seed1,dnai,dval,1,4,17,551,LEU,ILE172,3.7746456787359515
s1_dbox_emi2dnai_apcdval_seed1,dnai,dval,1,4,17,551,LEU,LEU424,4.907321061434641
s1_dbox_emi2dnai_apcdval_seed2,dnai,dval,2,0,14,548,ARG,ASP133,2.4106586236960217
s1_dbox_emi2dnai_apcdval_seed2,dnai,dval,2,0,14,548,ARG,ALA134,4.22576170648559
s1_dbox_emi2dnai_apcdval_seed2,dnai,dval,2,0,14,548,ARG,PRO135,3.7456797780910214
s1_dbox_emi2dnai_apcdval_seed2,dnai,dval,2,0,14,548,ARG,ASP136,4.805746872235364
s1_dbox_emi2dnai_apcdval_seed2,dnai,dval,2,0,14,548,ARG,GLU422,2.3411591146267696
s1_dbox_emi2dnai_apcdval_seed2,dnai,dval,2,0,15,549,ILE,ASP133,3.9283184697781306
s1_dbox_emi2dnai_apcdval_seed2,dnai,dval,2,0,15,549,ILE,PRO135,4.703446502300202
s1_dbox_emi2dnai_apcdval_seed2,dnai,dval,2,0,15,549,ILE,ILE172,4.577519197119767
s1_dbox_emi2dnai_apcdval_seed2,dnai,dval,2,0,17,551,LEU,LEU132,3.6306309369033936
s1_dbox_emi2dnai_apcdval_seed2,dnai,dval,2,0,17,551,LEU,ASP133,2.715246581804311
s1_dbox_emi2dnai_apcdval_seed2,dnai,dval,2,0,17,551,LEU,ALA134,4.868030505245423
s1_dbox_emi2dnai_apcdval_seed2,dnai,dval,2,0,17,551,LEU,PRO135,4.76496516251693
s1_dbox_emi2dnai_apcdval_seed2,dnai,dval,2,0,17,551,LEU,LEU154,4.9350929069268785
s1_dbox_emi2dnai_apcdval_seed2,dnai,dval,2,0,17,551,LEU,VAL156,3.853489198116432
s1_dbox_emi2dnai_apcdval_seed2,dnai,dval,2,0,17,551,LEU,LEU158,4.688871719294525
s1_dbox_emi2dnai_apcdval_seed2,dnai,dval,2,0,17,551,LEU,TYR163,3.583183221661991
s1_dbox_emi2dnai_apcdval_seed2,dnai,dval,2,0,17,551,LEU,LEU164,4.138874847105188
s1_dbox_emi2dnai_apcdval_seed2,dnai,dval,2,0,17,551,LEU,TRP165,3.61825772990261
s1_dbox_emi2dnai_apcdval_seed2,dnai,dval,2,0,17,551,LEU,ILE172,3.730576497004181
s1_dbox_emi2dnai_apcdval_seed2,dnai,dval,2,0,17,551,LEU,LEU424,3.658872640582071
s1_dbox_emi2dnai_apcdval_seed2,dnai,dval,2,1,14,548,ARG,ASP133,2.374940841368475
s1_dbox_emi2dnai_apcdval_seed2,dnai,dval,2,1,14,548,ARG,ALA134,4.154172119688831
s1_dbox_emi2dnai_apcdval_seed2,dnai,dval,2,1,14,548,ARG,PRO135,3.792742147839739
s1_dbox_emi2dnai_apcdval_seed2,dnai,dval,2,1,14,548,ARG,ASP136,4.7995411238992425
s1_dbox_emi2dnai_apcdval_seed2,dnai,dval,2,1,14,548,ARG,ASP421,4.984181878703866
s1_dbox_emi2dnai_apcdval_seed2,dnai,dval,2,1,14,548,ARG,GLU422,2.128823383937708
s1_dbox_emi2dnai_apcdval_seed2,dnai,dval,2,1,15,549,ILE,ASP133,3.7407415040336587
s1_dbox_emi2dnai_apcdval_seed2,dnai,dval,2,1,15,549,ILE,PRO135,4.580076309407954
s1_dbox_emi2dnai_apcdval_seed2,dnai,dval,2,1,15,549,ILE,ILE172,4.914719320571623
s1_dbox_emi2dnai_apcdval_seed2,dnai,dval,2,1,17,551,LEU,LEU132,3.477522825230626
s1_dbox_emi2dnai_apcdval_seed2,dnai,dval,2,1,17,551,LEU,ASP133,2.6177813124858234
s1_dbox_emi2dnai_apcdval_seed2,dnai,dval,2,1,17,551,LEU,ALA134,4.78419836545267
s1_dbox_emi2dnai_apcdval_seed2,dnai,dval,2,1,17,551,LEU,PRO135,4.725069417479494
s1_dbox_emi2dnai_apcdval_seed2,dnai,dval,2,1,17,551,LEU,VAL156,3.867764341321741
s1_dbox_emi2dnai_apcdval_seed2,dnai,dval,2,1,17,551,LEU,LEU158,4.621505707018007
s1_dbox_emi2dnai_apcdval_seed2,dnai,dval,2,1,17,551,LEU,TYR163,3.6283532077238583
s1_dbox_emi2dnai_apcdval_seed2,dnai,dval,2,1,17,551,LEU,LEU164,4.295512774978094
s1_dbox_emi2dnai_apcdval_seed2,dnai,dval,2,1,17,551,LEU,TRP165,3.6750206802139216
s1_dbox_emi2dnai_apcdval_seed2,dnai,dval,2,1,17,551,LEU,ILE172,3.7179739106131446
s1_dbox_emi2dnai_apcdval_seed2,dnai,dval,2,1,17,551,LEU,LEU424,3.7264295243570613
s1_dbox_emi2dnai_apcdval_seed2,dnai,dval,2,2,14,548,ARG,ASP133,2.406931864428239
s1_dbox_emi2dnai_apcdval_seed2,dnai,dval,2,2,14,548,ARG,ALA134,4.101057668455785
s1_dbox_emi2dnai_apcdval_seed2,dnai,dval,2,2,14,548,ARG,PRO135,3.666872918441542
s1_dbox_emi2dnai_apcdval_seed2,dnai,dval,2,2,14,548,ARG,ASP136,4.7482636826528495
s1_dbox_emi2dnai_apcdval_seed2,dnai,dval,2,2,14,548,ARG,GLU422,2.0920289194941835
s1_dbox_emi2dnai_apcdval_seed2,dnai,dval,2,2,15,549,ILE,ASP133,3.8091271966160436
s1_dbox_emi2dnai_apcdval_seed2,dnai,dval,2,2,15,549,ILE,PRO135,4.610066376962484
s1_dbox_emi2dnai_apcdval_seed2,dnai,dval,2,2,15,549,ILE,ILE172,4.641609203713729
s1_dbox_emi2dnai_apcdval_seed2,dnai,dval,2,2,17,551,LEU,LEU132,3.4705957701812524
s1_dbox_emi2dnai_apcdval_seed2,dnai,dval,2,2,17,551,LEU,ASP133,2.6398924220505653
s1_dbox_emi2dnai_apcdval_seed2,dnai,dval,2,2,17,551,LEU,ALA134,4.811043130133006
s1_dbox_emi2dnai_apcdval_seed2,dnai,dval,2,2,17,551,LEU,PRO135,4.72093105223959
s1_dbox_emi2dnai_apcdval_seed2,dnai,dval,2,2,17,551,LEU,LEU154,4.9812288644470035
s1_dbox_emi2dnai_apcdval_seed2,dnai,dval,2,2,17,551,LEU,VAL156,3.815274695221826
s1_dbox_emi2dnai_apcdval_seed2,dnai,dval,2,2,17,551,LEU,LEU158,4.7509436957303555
s1_dbox_emi2dnai_apcdval_seed2,dnai,dval,2,2,17,551,LEU,TYR163,3.5798470637724185
s1_dbox_emi2dnai_apcdval_seed2,dnai,dval,2,2,17,551,LEU,LEU164,4.226731716113527
s1_dbox_emi2dnai_apcdval_seed2,dnai,dval,2,2,17,551,LEU,TRP165,3.6050660188129697
s1_dbox_emi2dnai_apcdval_seed2,dnai,dval,2,2,17,551,LEU,ILE172,3.6791808870997356
s1_dbox_emi2dnai_apcdval_seed2,dnai,dval,2,2,17,551,LEU,LEU424,4.906064104758518
s1_dbox_emi2dnai_apcdval_seed2,dnai,dval,2,3,14,548,ARG,ASP133,2.4052014468646927
s1_dbox_emi2dnai_apcdval_seed2,dnai,dval,2,3,14,548,ARG,ALA134,4.207925498389915
s1_dbox_emi2dnai_apcdval_seed2,dnai,dval,2,3,14,548,ARG,PRO135,3.6656292774911106
s1_dbox_emi2dnai_apcdval_seed2,dnai,dval,2,3,14,548,ARG,ASP136,4.657323909714675
s1_dbox_emi2dnai_apcdval_seed2,dnai,dval,2,3,14,548,ARG,GLU422,2.2512294418828125
s1_dbox_emi2dnai_apcdval_seed2,dnai,dval,2,3,15,549,ILE,ASP133,3.9335152217831824
s1_dbox_emi2dnai_apcdval_seed2,dnai,dval,2,3,15,549,ILE,PRO135,4.6363815632452
s1_dbox_emi2dnai_apcdval_seed2,dnai,dval,2,3,15,549,ILE,ILE172,4.518596574158837
s1_dbox_emi2dnai_apcdval_seed2,dnai,dval,2,3,17,551,LEU,LEU132,3.4790984464369497
s1_dbox_emi2dnai_apcdval_seed2,dnai,dval,2,3,17,551,LEU,ASP133,2.6639476346204694
s1_dbox_emi2dnai_apcdval_seed2,dnai,dval,2,3,17,551,LEU,ALA134,4.830549244133634
s1_dbox_emi2dnai_apcdval_seed2,dnai,dval,2,3,17,551,LEU,PRO135,4.726604277914537
s1_dbox_emi2dnai_apcdval_seed2,dnai,dval,2,3,17,551,LEU,LEU154,4.90768316010722
s1_dbox_emi2dnai_apcdval_seed2,dnai,dval,2,3,17,551,LEU,VAL156,3.79339069962481
s1_dbox_emi2dnai_apcdval_seed2,dnai,dval,2,3,17,551,LEU,LEU158,4.663026163340711
s1_dbox_emi2dnai_apcdval_seed2,dnai,dval,2,3,17,551,LEU,TYR163,3.6436473484682894
s1_dbox_emi2dnai_apcdval_seed2,dnai,dval,2,3,17,551,LEU,LEU164,4.23632446821534
s1_dbox_emi2dnai_apcdval_seed2,dnai,dval,2,3,17,551,LEU,TRP165,3.563872332169041
s1_dbox_emi2dnai_apcdval_seed2,dnai,dval,2,3,17,551,LEU,ILE172,3.70234817379457
s1_dbox_emi2dnai_apcdval_seed2,dnai,dval,2,3,17,551,LEU,LEU424,4.875002769229982
s1_dbox_emi2dnai_apcdval_seed2,dnai,dval,2,4,14,548,ARG,ASP133,2.444694050387491
s1_dbox_emi2dnai_apcdval_seed2,dnai,dval,2,4,14,548,ARG,ALA134,3.870649945422604
s1_dbox_emi2dnai_apcdval_seed2,dnai,dval,2,4,14,548,ARG,PRO135,3.6103447203833605
s1_dbox_emi2dnai_apcdval_seed2,dnai,dval,2,4,14,548,ARG,ASP136,4.625396091147222
s1_dbox_emi2dnai_apcdval_seed2,dnai,dval,2,4,14,548,ARG,ASP421,4.858451399365852
s1_dbox_emi2dnai_apcdval_seed2,dnai,dval,2,4,14,548,ARG,GLU422,2.195734273540403
s1_dbox_emi2dnai_apcdval_seed2,dnai,dval,2,4,15,549,ILE,ASP133,3.5987649270270485
s1_dbox_emi2dnai_apcdval_seed2,dnai,dval,2,4,15,549,ILE,PRO135,4.473320914041379
s1_dbox_emi2dnai_apcdval_seed2,dnai,dval,2,4,15,549,ILE,ILE172,4.502793466282903
s1_dbox_emi2dnai_apcdval_seed2,dnai,dval,2,4,17,551,LEU,LEU132,3.4396515811924897
s1_dbox_emi2dnai_apcdval_seed2,dnai,dval,2,4,17,551,LEU,ASP133,2.598872640203825
s1_dbox_emi2dnai_apcdval_seed2,dnai,dval,2,4,17,551,LEU,ALA134,4.766426544068418
s1_dbox_emi2dnai_apcdval_seed2,dnai,dval,2,4,17,551,LEU,PRO135,4.750884233487488
s1_dbox_emi2dnai_apcdval_seed2,dnai,dval,2,4,17,551,LEU,LEU154,4.838854203217948
s1_dbox_emi2dnai_apcdval_seed2,dnai,dval,2,4,17,551,LEU,VAL156,3.749395817995214
s1_dbox_emi2dnai_apcdval_seed2,dnai,dval,2,4,17,551,LEU,LEU158,4.694419772453247
s1_dbox_emi2dnai_apcdval_seed2,dnai,dval,2,4,17,551,LEU,TYR163,3.566052299111723
s1_dbox_emi2dnai_apcdval_seed2,dnai,dval,2,4,17,551,LEU,LEU164,4.155812676240352
s1_dbox_emi2dnai_apcdval_seed2,dnai,dval,2,4,17,551,LEU,TRP165,3.556835391186947
s1_dbox_emi2dnai_apcdval_seed2,dnai,dval,2,4,17,551,LEU,ILE172,3.775921212101757
s1_dbox_emi2dnai_apcdval_seed2,dnai,dval,2,4,17,551,LEU,LEU424,3.4727499190123097
s1_dbox_emi2dval_apcdnai_seed1,dval,dnai,1,0,14,548,ARG,ASP133,2.360742467953674
s1_dbox_emi2dval_apcdnai_seed1,dval,dnai,1,0,14,548,ARG,ALA134,4.31798344137631
s1_dbox_emi2dval_apcdnai_seed1,dval,dnai,1,0,14,548,ARG,PRO135,3.920721744781182
s1_dbox_emi2dval_apcdnai_seed1,dval,dnai,1,0,14,548,ARG,ASP136,4.991851159640081
s1_dbox_emi2dval_apcdnai_seed1,dval,dnai,1,0,14,548,ARG,ASP421,4.932105432774121
s1_dbox_emi2dval_apcdnai_seed1,dval,dnai,1,0,14,548,ARG,GLU422,2.3080671567352624
s1_dbox_emi2dval_apcdnai_seed1,dval,dnai,1,0,15,549,PHE,ASP133,3.6989609351816624
s1_dbox_emi2dval_apcdnai_seed1,dval,dnai,1,0,15,549,PHE,PRO135,4.545850965440904
s1_dbox_emi2dval_apcdnai_seed1,dval,dnai,1,0,17,551,LEU,LEU132,3.4870835952124795
s1_dbox_emi2dval_apcdnai_seed1,dval,dnai,1,0,17,551,LEU,ASP133,2.6341566012672817
s1_dbox_emi2dval_apcdnai_seed1,dval,dnai,1,0,17,551,LEU,ALA134,4.8041052236602795
s1_dbox_emi2dval_apcdnai_seed1,dval,dnai,1,0,17,551,LEU,PRO135,4.739072588597899
s1_dbox_emi2dval_apcdnai_seed1,dval,dnai,1,0,17,551,LEU,VAL156,3.8296331416990843
s1_dbox_emi2dval_apcdnai_seed1,dval,dnai,1,0,17,551,LEU,LEU158,4.789584533130197
s1_dbox_emi2dval_apcdnai_seed1,dval,dnai,1,0,17,551,LEU,TYR163,3.5696511033993246
s1_dbox_emi2dval_apcdnai_seed1,dval,dnai,1,0,17,551,LEU,LEU164,4.240609508077819
s1_dbox_emi2dval_apcdnai_seed1,dval,dnai,1,0,17,551,LEU,TRP165,3.6067815292861867
s1_dbox_emi2dval_apcdnai_seed1,dval,dnai,1,0,17,551,LEU,ILE172,3.754639130462474
s1_dbox_emi2dval_apcdnai_seed1,dval,dnai,1,0,17,551,LEU,LEU424,3.4966003489103517
s1_dbox_emi2dval_apcdnai_seed1,dval,dnai,1,1,14,548,ARG,ASP133,2.414220578157678
s1_dbox_emi2dval_apcdnai_seed1,dval,dnai,1,1,14,548,ARG,ALA134,4.355561387467751
s1_dbox_emi2dval_apcdnai_seed1,dval,dnai,1,1,14,548,ARG,PRO135,3.763020196597409
s1_dbox_emi2dval_apcdnai_seed1,dval,dnai,1,1,14,548,ARG,ASP136,4.910450183028029
s1_dbox_emi2dval_apcdnai_seed1,dval,dnai,1,1,14,548,ARG,GLU422,2.2940087183792506
s1_dbox_emi2dval_apcdnai_seed1,dval,dnai,1,1,15,549,PHE,ASP133,3.6550439121849148
s1_dbox_emi2dval_apcdnai_seed1,dval,dnai,1,1,15,549,PHE,PRO135,4.384866816677561
s1_dbox_emi2dval_apcdnai_seed1,dval,dnai,1,1,17,551,LEU,LEU132,3.499726560747283
s1_dbox_emi2dval_apcdnai_seed1,dval,dnai,1,1,17,551,LEU,ASP133,2.6042847386566623
s1_dbox_emi2dval_apcdnai_seed1,dval,dnai,1,1,17,551,LEU,ALA134,4.784075354757698
s1_dbox_emi2dval_apcdnai_seed1,dval,dnai,1,1,17,551,LEU,PRO135,4.633942813630743
s1_dbox_emi2dval_apcdnai_seed1,dval,dnai,1,1,17,551,LEU,LEU154,4.966279190702031
s1_dbox_emi2dval_apcdnai_seed1,dval,dnai,1,1,17,551,LEU,VAL156,3.7952836521135014
s1_dbox_emi2dval_apcdnai_seed1,dval,dnai,1,1,17,551,LEU,LEU158,4.761603301410146
s1_dbox_emi2dval_apcdnai_seed1,dval,dnai,1,1,17,551,LEU,TYR163,3.557565740783998
s1_dbox_emi2dval_apcdnai_seed1,dval,dnai,1,1,17,551,LEU,LEU164,4.20642520437485
s1_dbox_emi2dval_apcdnai_seed1,dval,dnai,1,1,17,551,LEU,TRP165,3.664080921595483
s1_dbox_emi2dval_apcdnai_seed1,dval,dnai,1,1,17,551,LEU,ILE172,3.621811149135194
s1_dbox_emi2dval_apcdnai_seed1,dval,dnai,1,1,17,551,LEU,LEU424,4.9362663015684225
s1_dbox_emi2dval_apcdnai_seed1,dval,dnai,1,2,14,548,ARG,ASP133,2.4517995431927138
s1_dbox_emi2dval_apcdnai_seed1,dval,dnai,1,2,14,548,ARG,ALA134,4.047813483845321
s1_dbox_emi2dval_apcdnai_seed1,dval,dnai,1,2,14,548,ARG,PRO135,3.8619949507993905
s1_dbox_emi2dval_apcdnai_seed1,dval,dnai,1,2,14,548,ARG,ASP136,4.763485383624053
s1_dbox_emi2dval_apcdnai_seed1,dval,dnai,1,2,14,548,ARG,ASP421,4.425076157536727
s1_dbox_emi2dval_apcdnai_seed1,dval,dnai,1,2,14,548,ARG,GLU422,2.0464867456204052
s1_dbox_emi2dval_apcdnai_seed1,dval,dnai,1,2,14,548,ARG,THR423,4.790683667285911
s1_dbox_emi2dval_apcdnai_seed1,dval,dnai,1,2,15,549,PHE,ASP133,3.540907228380886
s1_dbox_emi2dval_apcdnai_seed1,dval,dnai,1,2,15,549,PHE,PRO135,4.359395141530532
s1_dbox_emi2dval_apcdnai_seed1,dval,dnai,1,2,17,551,LEU,LEU132,3.467274145492392
s1_dbox_emi2dval_apcdnai_seed1,dval,dnai,1,2,17,551,LEU,ASP133,2.588461512172818
s1_dbox_emi2dval_apcdnai_seed1,dval,dnai,1,2,17,551,LEU,ALA134,4.772689388594232
s1_dbox_emi2dval_apcdnai_seed1,dval,dnai,1,2,17,551,LEU,PRO135,4.7060812785161295
s1_dbox_emi2dval_apcdnai_seed1,dval,dnai,1,2,17,551,LEU,LEU154,4.939655656014901
s1_dbox_emi2dval_apcdnai_seed1,dval,dnai,1,2,17,551,LEU,VAL156,3.789678878216465
s1_dbox_emi2dval_apcdnai_seed1,dval,dnai,1,2,17,551,LEU,LEU158,4.877458046974879
s1_dbox_emi2dval_apcdnai_seed1,dval,dnai,1,2,17,551,LEU,TYR163,3.6873265382930214
s1_dbox_emi2dval_apcdnai_seed1,dval,dnai,1,2,17,551,LEU,LEU164,4.147064142257748
s1_dbox_emi2dval_apcdnai_seed1,dval,dnai,1,2,17,551,LEU,TRP165,3.5446778414970215
s1_dbox_emi2dval_apcdnai_seed1,dval,dnai,1,2,17,551,LEU,ILE172,3.7182526810317778
s1_dbox_emi2dval_apcdnai_seed1,dval,dnai,1,3,14,548,ARG,ASP133,2.4126595284042867
s1_dbox_emi2dval_apcdnai_seed1,dval,dnai,1,3,14,548,ARG,ALA134,4.114204175779321
s1_dbox_emi2dval_apcdnai_seed1,dval,dnai,1,3,14,548,ARG,PRO135,3.65142876145763
s1_dbox_emi2dval_apcdnai_seed1,dval,dnai,1,3,14,548,ARG,ASP136,4.852579520213965
s1_dbox_emi2dval_apcdnai_seed1,dval,dnai,1,3,14,548,ARG,GLU422,2.1851867197106984
s1_dbox_emi2dval_apcdnai_seed1,dval,dnai,1,3,15,549,PHE,ASP133,3.7220926909468552
s1_dbox_emi2dval_apcdnai_seed1,dval,dnai,1,3,15,549,PHE,PRO135,4.581844824958612
s1_dbox_emi2dval_apcdnai_seed1,dval,dnai,1,3,17,551,LEU,LEU132,3.5320220837361713
s1_dbox_emi2dval_apcdnai_seed1,dval,dnai,1,3,17,551,LEU,ASP133,2.6278793731828713
s1_dbox_emi2dval_apcdnai_seed1,dval,dnai,1,3,17,551,LEU,ALA134,4.798821001037652
s1_dbox_emi2dval_apcdnai_seed1,dval,dnai,1,3,17,551,LEU,PRO135,4.74394867172907
s1_dbox_emi2dval_apcdnai_seed1,dval,dnai,1,3,17,551,LEU,LEU154,4.967845206928251
s1_dbox_emi2dval_apcdnai_seed1,dval,dnai,1,3,17,551,LEU,VAL156,3.816713900726645
s1_dbox_emi2dval_apcdnai_seed1,dval,dnai,1,3,17,551,LEU,LEU158,4.843190787074158
s1_dbox_emi2dval_apcdnai_seed1,dval,dnai,1,3,17,551,LEU,TYR163,3.6177143336642827
s1_dbox_emi2dval_apcdnai_seed1,dval,dnai,1,3,17,551,LEU,LEU164,4.218785844292172
s1_dbox_emi2dval_apcdnai_seed1,dval,dnai,1,3,17,551,LEU,TRP165,3.639018823804022
s1_dbox_emi2dval_apcdnai_seed1,dval,dnai,1,3,17,551,LEU,ILE172,3.6936858285457888
s1_dbox_emi2dval_apcdnai_seed1,dval,dnai,1,3,17,551,LEU,LEU424,4.988379396156631
s1_dbox_emi2dval_apcdnai_seed1,dval,dnai,1,4,14,548,ARG,ASP133,2.500743289504143
s1_dbox_emi2dval_apcdnai_seed1,dval,dnai,1,4,14,548,ARG,ALA134,3.9230173336349137
s1_dbox_emi2dval_apcdnai_seed1,dval,dnai,1,4,14,548,ARG,PRO135,3.5276988250132684
s1_dbox_emi2dval_apcdnai_seed1,dval,dnai,1,4,14,548,ARG,ASP136,4.550051208503043
s1_dbox_emi2dval_apcdnai_seed1,dval,dnai,1,4,14,548,ARG,ASP421,4.962555188609997
s1_dbox_emi2dval_apcdnai_seed1,dval,dnai,1,4,14,548,ARG,GLU422,2.1417941077517226
s1_dbox_emi2dval_apcdnai_seed1,dval,dnai,1,4,15,549,PHE,ASP133,3.571072247938986
s1_dbox_emi2dval_apcdnai_seed1,dval,dnai,1,4,15,549,PHE,PRO135,4.348676235361745
s1_dbox_emi2dval_apcdnai_seed1,dval,dnai,1,4,17,551,LEU,LEU132,3.472202903057365
s1_dbox_emi2dval_apcdnai_seed1,dval,dnai,1,4,17,551,LEU,ASP133,2.60103863869801
s1_dbox_emi2dval_apcdnai_seed1,dval,dnai,1,4,17,551,LEU,ALA134,4.780982639583624
s1_dbox_emi2dval_apcdnai_seed1,dval,dnai,1,4,17,551,LEU,PRO135,4.714314478267228
s1_dbox_emi2dval_apcdnai_seed1,dval,dnai,1,4,17,551,LEU,VAL156,3.822730568585759
s1_dbox_emi2dval_apcdnai_seed1,dval,dnai,1,4,17,551,LEU,LEU158,4.843871798468659
s1_dbox_emi2dval_apcdnai_seed1,dval,dnai,1,4,17,551,LEU,TYR163,3.6071100620857135
s1_dbox_emi2dval_apcdnai_seed1,dval,dnai,1,4,17,551,LEU,LEU164,4.275863538514764
s1_dbox_emi2dval_apcdnai_seed1,dval,dnai,1,4,17,551,LEU,TRP165,3.6191823662258304
s1_dbox_emi2dval_apcdnai_seed1,dval,dnai,1,4,17,551,LEU,ILE172,3.6698959113304572
s1_dbox_emi2dval_apcdnai_seed1,dval,dnai,1,4,17,551,LEU,LEU424,4.828881133347559
s1_dbox_emi2dval_apcdval_seed1,dval,dval,1,0,14,548,ARG,ASP133,3.2653273955301922
s1_dbox_emi2dval_apcdval_seed1,dval,dval,1,0,14,548,ARG,PRO135,3.903804682614128
s1_dbox_emi2dval_apcdval_seed1,dval,dval,1,0,14,548,ARG,GLU422,2.339172075756719
s1_dbox_emi2dval_apcdval_seed1,dval,dval,1,0,15,549,PHE,ASP133,3.675639264128078
s1_dbox_emi2dval_apcdval_seed1,dval,dval,1,0,15,549,PHE,PRO135,4.434551386555353
s1_dbox_emi2dval_apcdval_seed1,dval,dval,1,0,17,551,LEU,LEU132,3.5312233007840224
s1_dbox_emi2dval_apcdval_seed1,dval,dval,1,0,17,551,LEU,ASP133,2.643284699006144
s1_dbox_emi2dval_apcdval_seed1,dval,dval,1,0,17,551,LEU,ALA134,4.801247546211297
s1_dbox_emi2dval_apcdval_seed1,dval,dval,1,0,17,551,LEU,PRO135,4.721812152129731
s1_dbox_emi2dval_apcdval_seed1,dval,dval,1,0,17,551,LEU,VAL156,3.840565843726676
s1_dbox_emi2dval_apcdval_seed1,dval,dval,1,0,17,551,LEU,LEU158,4.81663980384666
s1_dbox_emi2dval_apcdval_seed1,dval,dval,1,0,17,551,LEU,TYR163,3.5638324876458483
s1_dbox_emi2dval_apcdval_seed1,dval,dval,1,0,17,551,LEU,LEU164,4.271955641155463
s1_dbox_emi2dval_apcdval_seed1,dval,dval,1,0,17,551,LEU,TRP165,3.6480888147083257
s1_dbox_emi2dval_apcdval_seed1,dval,dval,1,0,17,551,LEU,ILE172,3.646376009135645
s1_dbox_emi2dval_apcdval_seed1,dval,dval,1,0,17,551,LEU,LEU424,3.457543202911569
s1_dbox_emi2dval_apcdval_seed1,dval,dval,1,1,14,548,ARG,ASP133,2.549186536917219
s1_dbox_emi2dval_apcdval_seed1,dval,dval,1,1,14,548,ARG,ALA134,4.1818110909030795
s1_dbox_emi2dval_apcdval_seed1,dval,dval,1,1,14,548,ARG,PRO135,3.6646216721511653
s1_dbox_emi2dval_apcdval_seed1,dval,dval,1,1,14,548,ARG,ASP421,4.908139056709784
s1_dbox_emi2dval_apcdval_seed1,dval,dval,1,1,14,548,ARG,GLU422,2.5638473043455607
s1_dbox_emi2dval_apcdval_seed1,dval,dval,1,1,15,549,PHE,ASP133,3.637145446638065
s1_dbox_emi2dval_apcdval_seed1,dval,dval,1,1,15,549,PHE,PRO135,4.536651738892904
s1_dbox_emi2dval_apcdval_seed1,dval,dval,1,1,17,551,LEU,LEU132,3.5263038723286457
s1_dbox_emi2dval_apcdval_seed1,dval,dval,1,1,17,551,LEU,ASP133,2.627698042013198
s1_dbox_emi2dval_apcdval_seed1,dval,dval,1,1,17,551,LEU,ALA134,4.812020157896264
s1_dbox_emi2dval_apcdval_seed1,dval,dval,1,1,17,551,LEU,PRO135,4.733723798448744
s1_dbox_emi2dval_apcdval_seed1,dval,dval,1,1,17,551,LEU,LEU154,4.889042544302514
s1_dbox_emi2dval_apcdval_seed1,dval,dval,1,1,17,551,LEU,VAL156,3.763629099685568
s1_dbox_emi2dval_apcdval_seed1,dval,dval,1,1,17,551,LEU,LEU158,4.7756644563871955
s1_dbox_emi2dval_apcdval_seed1,dval,dval,1,1,17,551,LEU,TYR163,3.583708135437371
s1_dbox_emi2dval_apcdval_seed1,dval,dval,1,1,17,551,LEU,LEU164,4.173294382139846
s1_dbox_emi2dval_apcdval_seed1,dval,dval,1,1,17,551,LEU,TRP165,3.647459663930502
s1_dbox_emi2dval_apcdval_seed1,dval,dval,1,1,17,551,LEU,ILE172,3.707083624630014
s1_dbox_emi2dval_apcdval_seed1,dval,dval,1,1,17,551,LEU,LEU424,3.9743243450931383
s1_dbox_emi2dval_apcdval_seed1,dval,dval,1,2,14,548,ARG,ASP133,2.4494785159294623
s1_dbox_emi2dval_apcdval_seed1,dval,dval,1,2,14,548,ARG,ALA134,4.10639184686508
s1_dbox_emi2dval_apcdval_seed1,dval,dval,1,2,14,548,ARG,PRO135,3.6057813300309824
s1_dbox_emi2dval_apcdval_seed1,dval,dval,1,2,14,548,ARG,ASP136,4.775505522978692
s1_dbox_emi2dval_apcdval_seed1,dval,dval,1,2,14,548,ARG,GLU422,2.220156751222761
s1_dbox_emi2dval_apcdval_seed1,dval,dval,1,2,15,549,PHE,ASP133,3.6003162361103778
s1_dbox_emi2dval_apcdval_seed1,dval,dval,1,2,15,549,PHE,PRO135,4.362930322615752
s1_dbox_emi2dval_apcdval_seed1,dval,dval,1,2,17,551,LEU,LEU132,3.4812101344216497
s1_dbox_emi2dval_apcdval_seed1,dval,dval,1,2,17,551,LEU,ASP133,2.6163937012613374
s1_dbox_emi2dval_apcdval_seed1,dval,dval,1,2,17,551,LEU,ALA134,4.78954162733763
s1_dbox_emi2dval_apcdval_seed1,dval,dval,1,2,17,551,LEU,PRO135,4.663106796975596
s1_dbox_emi2dval_apcdval_seed1,dval,dval,1,2,17,551,LEU,LEU154,4.96605487283417
s1_dbox_emi2dval_apcdval_seed1,dval,dval,1,2,17,551,LEU,VAL156,3.7819705181294054
s1_dbox_emi2dval_apcdval_seed1,dval,dval,1,2,17,551,LEU,LEU158,4.74870392844195
s1_dbox_emi2dval_apcdval_seed1,dval,dval,1,2,17,551,LEU,TYR163,3.5591282640556803
s1_dbox_emi2dval_apcdval_seed1,dval,dval,1,2,17,551,LEU,LEU164,4.214747679280457
s1_dbox_emi2dval_apcdval_seed1,dval,dval,1,2,17,551,LEU,TRP165,3.6824324841061244
s1_dbox_emi2dval_apcdval_seed1,dval,dval,1,2,17,551,LEU,ILE172,3.652335827932583
s1_dbox_emi2dval_apcdval_seed1,dval,dval,1,2,17,551,LEU,LEU424,4.981270319908368
s1_dbox_emi2dval_apcdval_seed1,dval,dval,1,3,14,548,ARG,ASP133,2.435567079757814
s1_dbox_emi2dval_apcdval_seed1,dval,dval,1,3,14,548,ARG,ALA134,4.18097715851211
s1_dbox_emi2dval_apcdval_seed1,dval,dval,1,3,14,548,ARG,PRO135,3.7325886459667648
s1_dbox_emi2dval_apcdval_seed1,dval,dval,1,3,14,548,ARG,ASP136,4.757142209352165
s1_dbox_emi2dval_apcdval_seed1,dval,dval,1,3,14,548,ARG,ASP421,4.40474573613506
s1_dbox_emi2dval_apcdval_seed1,dval,dval,1,3,14,548,ARG,GLU422,2.0697487770258487
s1_dbox_emi2dval_apcdval_seed1,dval,dval,1,3,14,548,ARG,THR423,4.9077128074083545
s1_dbox_emi2dval_apcdval_seed1,dval,dval,1,3,15,549,PHE,ASP133,3.460959837964029
s1_dbox_emi2dval_apcdval_seed1,dval,dval,1,3,15,549,PHE,PRO135,4.31356059421912
s1_dbox_emi2dval_apcdval_seed1,dval,dval,1,3,17,551,LEU,LEU132,3.4689067442063073
s1_dbox_emi2dval_apcdval_seed1,dval,dval,1,3,17,551,LEU,ASP133,2.5237365155657585
s1_dbox_emi2dval_apcdval_seed1,dval,dval,1,3,17,551,LEU,ALA134,4.705365979389913
s1_dbox_emi2dval_apcdval_seed1,dval,dval,1,3,17,551,LEU,PRO135,4.740497125829736
s1_dbox_emi2dval_apcdval_seed1,dval,dval,1,3,17,551,LEU,LEU154,4.832467485664027
s1_dbox_emi2dval_apcdval_seed1,dval,dval,1,3,17,551,LEU,VAL156,3.696206298355111
s1_dbox_emi2dval_apcdval_seed1,dval,dval,1,3,17,551,LEU,LEU158,4.870379964643417
s1_dbox_emi2dval_apcdval_seed1,dval,dval,1,3,17,551,LEU,TYR163,3.7310537385569775
s1_dbox_emi2dval_apcdval_seed1,dval,dval,1,3,17,551,LEU,LEU164,4.18414280349034
s1_dbox_emi2dval_apcdval_seed1,dval,dval,1,3,17,551,LEU,TRP165,3.5537853058393947
s1_dbox_emi2dval_apcdval_seed1,dval,dval,1,3,17,551,LEU,ILE172,3.730725130587887
s1_dbox_emi2dval_apcdval_seed1,dval,dval,1,3,17,551,LEU,LEU424,4.964277490229569
s1_dbox_emi2dval_apcdval_seed1,dval,dval,1,4,14,548,ARG,ASP133,2.324477145510361
s1_dbox_emi2dval_apcdval_seed1,dval,dval,1,4,14,548,ARG,ALA134,4.180392924116106
s1_dbox_emi2dval_apcdval_seed1,dval,dval,1,4,14,548,ARG,PRO135,3.8642290304794313
s1_dbox_emi2dval_apcdval_seed1,dval,dval,1,4,14,548,ARG,ASP136,4.8287273685723875
s1_dbox_emi2dval_apcdval_seed1,dval,dval,1,4,14,548,ARG,ASP421,4.78944527059241
s1_dbox_emi2dval_apcdval_seed1,dval,dval,1,4,14,548,ARG,GLU422,2.1036446943341005
s1_dbox_emi2dval_apcdval_seed1,dval,dval,1,4,15,549,PHE,ASP133,3.673974550810062
s1_dbox_emi2dval_apcdval_seed1,dval,dval,1,4,15,549,PHE,PRO135,4.534672424773371
s1_dbox_emi2dval_apcdval_seed1,dval,dval,1,4,17,551,LEU,LEU132,3.5544193618648885
s1_dbox_emi2dval_apcdval_seed1,dval,dval,1,4,17,551,LEU,ASP133,2.6296802086945865
s1_dbox_emi2dval_apcdval_seed1,dval,dval,1,4,17,551,LEU,ALA134,4.785149736424137
s1_dbox_emi2dval_apcdval_seed1,dval,dval,1,4,17,551,LEU,PRO135,4.734528065182421
s1_dbox_emi2dval_apcdval_seed1,dval,dval,1,4,17,551,LEU,LEU154,4.916282538666793
s1_dbox_emi2dval_apcdval_seed1,dval,dval,1,4,17,551,LEU,VAL156,3.7521383236762498
s1_dbox_emi2dval_apcdval_seed1,dval,dval,1,4,17,551,LEU,LEU158,4.772341249324066
s1_dbox_emi2dval_apcdval_seed1,dval,dval,1,4,17,551,LEU,TYR163,3.5628513861793327
s1_dbox_emi2dval_apcdval_seed1,dval,dval,1,4,17,551,LEU,LEU164,4.180317452060311
s1_dbox_emi2dval_apcdval_seed1,dval,dval,1,4,17,551,LEU,TRP165,3.6203251235213685
s1_dbox_emi2dval_apcdval_seed1,dval,dval,1,4,17,551,LEU,ILE172,3.6782306887959058
s1_dbox_emi2dval_apcdval_seed1,dval,dval,1,4,17,551,LEU,LEU424,4.603525714058738
s1_dbox_emi2dval_apcdval_seed2,dval,dval,2,0,14,548,ARG,ASP133,2.1052819288636857
s1_dbox_emi2dval_apcdval_seed2,dval,dval,2,0,14,548,ARG,ALA134,4.0816843337034285
s1_dbox_emi2dval_apcdval_seed2,dval,dval,2,0,14,548,ARG,PRO135,3.7208711345597556
s1_dbox_emi2dval_apcdval_seed2,dval,dval,2,0,14,548,ARG,GLU422,2.811634044465958
s1_dbox_emi2dval_apcdval_seed2,dval,dval,2,0,15,549,PHE,ASP133,3.7012939629270196
s1_dbox_emi2dval_apcdval_seed2,dval,dval,2,0,15,549,PHE,PRO135,4.351138012060753
s1_dbox_emi2dval_apcdval_seed2,dval,dval,2,0,17,551,LEU,LEU132,3.509049728915224
s1_dbox_emi2dval_apcdval_seed2,dval,dval,2,0,17,551,LEU,ASP133,2.6130769219447028
s1_dbox_emi2dval_apcdval_seed2,dval,dval,2,0,17,551,LEU,ALA134,4.7979676947641074
s1_dbox_emi2dval_apcdval_seed2,dval,dval,2,0,17,551,LEU,PRO135,4.627512290637378
s1_dbox_emi2dval_apcdval_seed2,dval,dval,2,0,17,551,LEU,LEU154,4.888991000196257
s1_dbox_emi2dval_apcdval_seed2,dval,dval,2,0,17,551,LEU,VAL156,3.818159373310653
s1_dbox_emi2dval_apcdval_seed2,dval,dval,2,0,17,551,LEU,LEU158,4.689064512245488
s1_dbox_emi2dval_apcdval_seed2,dval,dval,2,0,17,551,LEU,TYR163,3.53333850628552
s1_dbox_emi2dval_apcdval_seed2,dval,dval,2,0,17,551,LEU,LEU164,4.160677108356285
s1_dbox_emi2dval_apcdval_seed2,dval,dval,2,0,17,551,LEU,TRP165,3.6243367669133617
s1_dbox_emi2dval_apcdval_seed2,dval,dval,2,0,17,551,LEU,ILE172,3.683235126895919
s1_dbox_emi2dval_apcdval_seed2,dval,dval,2,0,17,551,LEU,LEU424,3.4811805468834844
s1_dbox_emi2dval_apcdval_seed2,dval,dval,2,1,14,548,ARG,ASP133,2.4979053224652055
s1_dbox_emi2dval_apcdval_seed2,dval,dval,2,1,14,548,ARG,ALA134,4.136123910136155
s1_dbox_emi2dval_apcdval_seed2,dval,dval,2,1,14,548,ARG,PRO135,3.6415417064754307
s1_dbox_emi2dval_apcdval_seed2,dval,dval,2,1,14,548,ARG,ASP136,4.912243988239998
s1_dbox_emi2dval_apcdval_seed2,dval,dval,2,1,14,548,ARG,GLU422,2.2042905888289788
s1_dbox_emi2dval_apcdval_seed2,dval,dval,2,1,15,549,PHE,ASP133,3.732978569453621
s1_dbox_emi2dval_apcdval_seed2,dval,dval,2,1,15,549,PHE,PRO135,4.534032531863883
s1_dbox_emi2dval_apcdval_seed2,dval,dval,2,1,17,551,LEU,LEU132,3.4616194187114244
s1_dbox_emi2dval_apcdval_seed2,dval,dval,2,1,17,551,LEU,ASP133,2.590885755875777
s1_dbox_emi2dval_apcdval_seed2,dval,dval,2,1,17,551,LEU,ALA134,4.764304776145202
s1_dbox_emi2dval_apcdval_seed2,dval,dval,2,1,17,551,LEU,PRO135,4.76049713790482
s1_dbox_emi2dval_apcdval_seed2,dval,dval,2,1,17,551,LEU,LEU154,4.980591430743943
s1_dbox_emi2dval_apcdval_seed2,dval,dval,2,1,17,551,LEU,VAL156,3.806893221512786
s1_dbox_emi2dval_apcdval_seed2,dval,dval,2,1,17,551,LEU,LEU158,4.815829212087988
s1_dbox_emi2dval_apcdval_seed2,dval,dval,2,1,17,551,LEU,TYR163,3.5247287838924595
s1_dbox_emi2dval_apcdval_seed2,dval,dval,2,1,17,551,LEU,LEU164,4.251805498843991
s1_dbox_emi2dval_apcdval_seed2,dval,dval,2,1,17,551,LEU,TRP165,3.656244794868089
s1_dbox_emi2dval_apcdval_seed2,dval,dval,2,1,17,551,LEU,ILE172,3.583574891082925
s1_dbox_emi2dval_apcdval_seed2,dval,dval,2,1,17,551,LEU,LEU424,3.8162393792842706
s1_dbox_emi2dval_apcdval_seed2,dval,dval,2,2,14,548,ARG,ASP133,2.382755967362164
s1_dbox_emi2dval_apcdval_seed2,dval,dval,2,2,14,548,ARG,ALA134,4.442665978891504
s1_dbox_emi2dval_apcdval_seed2,dval,dval,2,2,14,548,ARG,PRO135,4.130259798124082
s1_dbox_emi2dval_apcdval_seed2,dval,dval,2,2,14,548,ARG,ASP421,4.687832014908382
s1_dbox_emi2dval_apcdval_seed2,dval,dval,2,2,14,548,ARG,GLU422,2.1588830445394693
s1_dbox_emi2dval_apcdval_seed2,dval,dval,2,2,15,549,PHE,ASP133,3.7500062666614316
s1_dbox_emi2dval_apcdval_seed2,dval,dval,2,2,15,549,PHE,PRO135,4.513565109755258
s1_dbox_emi2dval_apcdval_seed2,dval,dval,2,2,17,551,LEU,LEU132,3.459080369115469
s1_dbox_emi2dval_apcdval_seed2,dval,dval,2,2,17,551,LEU,ASP133,2.564255447493482
s1_dbox_emi2dval_apcdval_seed2,dval,dval,2,2,17,551,LEU,ALA134,4.714983244933113
s1_dbox_emi2dval_apcdval_seed2,dval,dval,2,2,17,551,LEU,PRO135,4.745997366202387
s1_dbox_emi2dval_apcdval_seed2,dval,dval,2,2,17,551,LEU,VAL156,3.835288906979499
s1_dbox_emi2dval_apcdval_seed2,dval,dval,2,2,17,551,LEU,LEU158,4.761167188830907
s1_dbox_emi2dval_apcdval_seed2,dval,dval,2,2,17,551,LEU,TYR163,3.5771962484605173
s1_dbox_emi2dval_apcdval_seed2,dval,dval,2,2,17,551,LEU,LEU164,4.384111540551859
s1_dbox_emi2dval_apcdval_seed2,dval,dval,2,2,17,551,LEU,TRP165,3.7403605441187078
s1_dbox_emi2dval_apcdval_seed2,dval,dval,2,2,17,551,LEU,ILE172,3.6678808595700056
s1_dbox_emi2dval_apcdval_seed2,dval,dval,2,2,17,551,LEU,LEU424,3.8904249125256225
s1_dbox_emi2dval_apcdval_seed2,dval,dval,2,3,14,548,ARG,ASP133,2.537619947903941
s1_dbox_emi2dval_apcdval_seed2,dval,dval,2,3,14,548,ARG,ALA134,4.0112030614268335
s1_dbox_emi2dval_apcdval_seed2,dval,dval,2,3,14,548,ARG,PRO135,3.36589200658607
s1_dbox_emi2dval_apcdval_seed2,dval,dval,2,3,14,548,ARG,ASP136,4.7427701820771375
s1_dbox_emi2dval_apcdval_seed2,dval,dval,2,3,14,548,ARG,GLU422,2.4561524789800817
s1_dbox_emi2dval_apcdval_seed2,dval,dval,2,3,15,549,PHE,ASP133,3.6087086332925247
s1_dbox_emi2dval_apcdval_seed2,dval,dval,2,3,15,549,PHE,PRO135,4.709525029129796
s1_dbox_emi2dval_apcdval_seed2,dval,dval,2,3,17,551,LEU,LEU132,3.321337230694889
s1_dbox_emi2dval_apcdval_seed2,dval,dval,2,3,17,551,LEU,ASP133,2.535089939232926
s1_dbox_emi2dval_apcdval_seed2,dval,dval,2,3,17,551,LEU,ALA134,4.72550748597439
s1_dbox_emi2dval_apcdval_seed2,dval,dval,2,3,17,551,LEU,PRO135,4.769659421803615
s1_dbox_emi2dval_apcdval_seed2,dval,dval,2,3,17,551,LEU,LEU154,4.909311153308577
s1_dbox_emi2dval_apcdval_seed2,dval,dval,2,3,17,551,LEU,VAL156,3.8384392661601403
s1_dbox_emi2dval_apcdval_seed2,dval,dval,2,3,17,551,LEU,LEU158,4.761198378559751
s1_dbox_emi2dval_apcdval_seed2,dval,dval,2,3,17,551,LEU,TYR163,3.628223394445276
s1_dbox_emi2dval_apcdval_seed2,dval,dval,2,3,17,551,LEU,LEU164,4.417933227200248
s1_dbox_emi2dval_apcdval_seed2,dval,dval,2,3,17,551,LEU,TRP165,3.6390016488042423
s1_dbox_emi2dval_apcdval_seed2,dval,dval,2,3,17,551,LEU,ILE172,3.748214908459759
s1_dbox_emi2dval_apcdval_seed2,dval,dval,2,4,14,548,ARG,ASP133,2.64984584457285
s1_dbox_emi2dval_apcdval_seed2,dval,dval,2,4,14,548,ARG,ALA134,3.7691969967089802
s1_dbox_emi2dval_apcdval_seed2,dval,dval,2,4,14,548,ARG,PRO135,3.2280918512334806
s1_dbox_emi2dval_apcdval_seed2,dval,dval,2,4,14,548,ARG,ASP136,4.685805160268617
s1_dbox_emi2dval_apcdval_seed2,dval,dval,2,4,14,548,ARG,GLU422,2.4534151707364984
s1_dbox_emi2dval_apcdval_seed2,dval,dval,2,4,15,549,PHE,ASP133,3.6038704194240947
s1_dbox_emi2dval_apcdval_seed2,dval,dval,2,4,15,549,PHE,PRO135,4.452956433651693
s1_dbox_emi2dval_apcdval_seed2,dval,dval,2,4,17,551,LEU,LEU132,3.395335918580075
s1_dbox_emi2dval_apcdval_seed2,dval,dval,2,4,17,551,LEU,ASP133,2.5693859188529857
s1_dbox_emi2dval_apcdval_seed2,dval,dval,2,4,17,551,LEU,ALA134,4.746530311711915
s1_dbox_emi2dval_apcdval_seed2,dval,dval,2,4,17,551,LEU,PRO135,4.772081621263408
s1_dbox_emi2dval_apcdval_seed2,dval,dval,2,4,17,551,LEU,LEU154,4.839849274512584
s1_dbox_emi2dval_apcdval_seed2,dval,dval,2,4,17,551,LEU,VAL156,3.772749262805574
s1_dbox_emi2dval_apcdval_seed2,dval,dval,2,4,17,551,LEU,LEU158,4.715683407524301
s1_dbox_emi2dval_apcdval_seed2,dval,dval,2,4,17,551,LEU,TYR163,3.495505828918041
s1_dbox_emi2dval_apcdval_seed2,dval,dval,2,4,17,551,LEU,LEU164,4.173568976307927
s1_dbox_emi2dval_apcdval_seed2,dval,dval,2,4,17,551,LEU,TRP165,3.559991713473501
s1_dbox_emi2dval_apcdval_seed2,dval,dval,2,4,17,551,LEU,ILE172,3.680276212460147
s1_dbox_emi2dval_apcdval_seed2,dval,dval,2,4,17,551,LEU,LEU424,3.4931742012101257
s1_dbox_emi2dval_apcdval_seed3,dval,dval,3,0,14,548,ARG,ASP133,2.4177313746568285
s1_dbox_emi2dval_apcdval_seed3,dval,dval,3,0,14,548,ARG,ALA134,4.2716307190580025
s1_dbox_emi2dval_apcdval_seed3,dval,dval,3,0,14,548,ARG,PRO135,3.7766547366684176
s1_dbox_emi2dval_apcdval_seed3,dval,dval,3,0,14,548,ARG,ASP136,4.722712038648979
s1_dbox_emi2dval_apcdval_seed3,dval,dval,3,0,14,548,ARG,ASP421,4.97632052826182
s1_dbox_emi2dval_apcdval_seed3,dval,dval,3,0,14,548,ARG,GLU422,2.2987479200643106
s1_dbox_emi2dval_apcdval_seed3,dval,dval,3,0,15,549,PHE,ASP133,3.759832177105782
s1_dbox_emi2dval_apcdval_seed3,dval,dval,3,0,15,549,PHE,PRO135,4.653771588722421
s1_dbox_emi2dval_apcdval_seed3,dval,dval,3,0,17,551,LEU,LEU132,3.452752669972178
s1_dbox_emi2dval_apcdval_seed3,dval,dval,3,0,17,551,LEU,ASP133,2.588569102805641
s1_dbox_emi2dval_apcdval_seed3,dval,dval,3,0,17,551,LEU,ALA134,4.776869790982375
s1_dbox_emi2dval_apcdval_seed3,dval,dval,3,0,17,551,LEU,PRO135,4.791892423667293
s1_dbox_emi2dval_apcdval_seed3,dval,dval,3,0,17,551,LEU,LEU154,4.805582170767658
s1_dbox_emi2dval_apcdval_seed3,dval,dval,3,0,17,551,LEU,VAL156,3.6681473525473325
s1_dbox_emi2dval_apcdval_seed3,dval,dval,3,0,17,551,LEU,LEU158,4.9064654283913995
s1_dbox_emi2dval_apcdval_seed3,dval,dval,3,0,17,551,LEU,TYR163,3.6643239485613175
s1_dbox_emi2dval_apcdval_seed3,dval,dval,3,0,17,551,LEU,LEU164,4.173530639638339
s1_dbox_emi2dval_apcdval_seed3,dval,dval,3,0,17,551,LEU,TRP165,3.5389949138138075
s1_dbox_emi2dval_apcdval_seed3,dval,dval,3,0,17,551,LEU,ILE172,3.7335420179770304
s1_dbox_emi2dval_apcdval_seed3,dval,dval,3,0,17,551,LEU,LEU424,4.942378880660608
s1_dbox_emi2dval_apcdval_seed3,dval,dval,3,1,14,548,ARG,ASP133,2.3977318448900835
s1_dbox_emi2dval_apcdval_seed3,dval,dval,3,1,14,548,ARG,ALA134,4.484313325359861
s1_dbox_emi2dval_apcdval_seed3,dval,dval,3,1,14,548,ARG,PRO135,3.874263542920126
s1_dbox_emi2dval_apcdval_seed3,dval,dval,3,1,14,548,ARG,ASP421,4.7830052268422225
s1_dbox_emi2dval_apcdval_seed3,dval,dval,3,1,14,548,ARG,GLU422,2.2238869125924543
s1_dbox_emi2dval_apcdval_seed3,dval,dval,3,1,15,549,PHE,ASP133,3.7729994699178
s1_dbox_emi2dval_apcdval_seed3,dval,dval,3,1,15,549,PHE,PRO135,4.647192055424438
s1_dbox_emi2dval_apcdval_seed3,dval,dval,3,1,17,551,LEU,LEU132,3.516315401098143
s1_dbox_emi2dval_apcdval_seed3,dval,dval,3,1,17,551,LEU,ASP133,2.6251798033658558
s1_dbox_emi2dval_apcdval_seed3,dval,dval,3,1,17,551,LEU,ALA134,4.793580394652833
s1_dbox_emi2dval_apcdval_seed3,dval,dval,3,1,17,551,LEU,PRO135,4.778257946155691
s1_dbox_emi2dval_apcdval_seed3,dval,dval,3,1,17,551,LEU,LEU154,4.974583500153556
s1_dbox_emi2dval_apcdval_seed3,dval,dval,3,1,17,551,LEU,VAL156,3.791123580154043
s1_dbox_emi2dval_apcdval_seed3,dval,dval,3,1,17,551,LEU,LEU158,4.819966182453982
s1_dbox_emi2dval_apcdval_seed3,dval,dval,3,1,17,551,LEU,TYR163,3.6482675340495514
s1_dbox_emi2dval_apcdval_seed3,dval,dval,3,1,17,551,LEU,LEU164,4.203887367663412
s1_dbox_emi2dval_apcdval_seed3,dval,dval,3,1,17,551,LEU,TRP165,3.6040070754647537
s1_dbox_emi2dval_apcdval_seed3,dval,dval,3,1,17,551,LEU,ILE172,3.651852269739291
s1_dbox_emi2dval_apcdval_seed3,dval,dval,3,1,17,551,LEU,LEU424,4.955442361686797
s1_dbox_emi2dval_apcdval_seed3,dval,dval,3,2,14,548,ARG,ASP133,2.522315008082853
s1_dbox_emi2dval_apcdval_seed3,dval,dval,3,2,14,548,ARG,ALA134,4.178788819741912
s1_dbox_emi2dval_apcdval_seed3,dval,dval,3,2,14,548,ARG,PRO135,3.516607171692624
s1_dbox_emi2dval_apcdval_seed3,dval,dval,3,2,14,548,ARG,GLU422,2.5611321715210233
s1_dbox_emi2dval_apcdval_seed3,dval,dval,3,2,15,549,PHE,ASP133,3.7228710694838734
s1_dbox_emi2dval_apcdval_seed3,dval,dval,3,2,15,549,PHE,PRO135,4.545104179224059
s1_dbox_emi2dval_apcdval_seed3,dval,dval,3,2,17,551,LEU,LEU132,3.4876077761124473
s1_dbox_emi2dval_apcdval_seed3,dval,dval,3,2,17,551,LEU,ASP133,2.6305214311995258
s1_dbox_emi2dval_apcdval_seed3,dval,dval,3,2,17,551,LEU,ALA134,4.816498105470404
s1_dbox_emi2dval_apcdval_seed3,dval,dval,3,2,17,551,LEU,PRO135,4.669382186114133
s1_dbox_emi2dval_apcdval_seed3,dval,dval,3,2,17,551,LEU,LEU154,4.949493408420704
s1_dbox_emi2dval_apcdval_seed3,dval,dval,3,2,17,551,LEU,VAL156,3.8273567902666206
s1_dbox_emi2dval_apcdval_seed3,dval,dval,3,2,17,551,LEU,LEU158,4.661335216437454
s1_dbox_emi2dval_apcdval_seed3,dval,dval,3,2,17,551,LEU,TYR163,3.5830353054358817
s1_dbox_emi2dval_apcdval_seed3,dval,dval,3,2,17,551,LEU,LEU164,4.215595924658813
s1_dbox_emi2dval_apcdval_seed3,dval,dval,3,2,17,551,LEU,TRP165,3.636073019068788
s1_dbox_emi2dval_apcdval_seed3,dval,dval,3,2,17,551,LEU,ILE172,3.704911604883443
s1_dbox_emi2dval_apcdval_seed3,dval,dval,3,2,17,551,LEU,LEU424,4.943453145322611
s1_dbox_emi2dval_apcdval_seed3,dval,dval,3,3,14,548,ARG,ASP133,3.298161002740771
s1_dbox_emi2dval_apcdval_seed3,dval,dval,3,3,14,548,ARG,PRO135,4.085106608156023
s1_dbox_emi2dval_apcdval_seed3,dval,dval,3,3,14,548,ARG,ASP421,4.77161199176966
s1_dbox_emi2dval_apcdval_seed3,dval,dval,3,3,14,548,ARG,GLU422,2.3822858770517024
s1_dbox_emi2dval_apcdval_seed3,dval,dval,3,3,15,549,PHE,ASP133,3.6730186495578803
s1_dbox_emi2dval_apcdval_seed3,dval,dval,3,3,15,549,PHE,PRO135,4.48873289470425
s1_dbox_emi2dval_apcdval_seed3,dval,dval,3,3,17,551,LEU,LEU132,3.48398349594254
s1_dbox_emi2dval_apcdval_seed3,dval,dval,3,3,17,551,LEU,ASP133,2.635618333522516
s1_dbox_emi2dval_apcdval_seed3,dval,dval,3,3,17,551,LEU,ALA134,4.793978723357041
s1_dbox_emi2dval_apcdval_seed3,dval,dval,3,3,17,551,LEU,PRO135,4.729080460300925
s1_dbox_emi2dval_apcdval_seed3,dval,dval,3,3,17,551,LEU,VAL156,3.877498936170065
s1_dbox_emi2dval_apcdval_seed3,dval,dval,3,3,17,551,LEU,LEU158,4.734441255311974
s1_dbox_emi2dval_apcdval_seed3,dval,dval,3,3,17,551,LEU,TYR163,3.6403046575801885
s1_dbox_emi2dval_apcdval_seed3,dval,dval,3,3,17,551,LEU,LEU164,4.275787295925746
s1_dbox_emi2dval_apcdval_seed3,dval,dval,3,3,17,551,LEU,TRP165,3.6515294056052743
s1_dbox_emi2dval_apcdval_seed3,dval,dval,3,3,17,551,LEU,ILE172,3.6453894167838903
s1_dbox_emi2dval_apcdval_seed3,dval,dval,3,3,17,551,LEU,LEU424,4.9661675364409525
s1_dbox_emi2dval_apcdval_seed3,dval,dval,3,4,14,548,ARG,ASP133,2.3197226127276522
s1_dbox_emi2dval_apcdval_seed3,dval,dval,3,4,14,548,ARG,ALA134,4.10067140844033
s1_dbox_emi2dval_apcdval_seed3,dval,dval,3,4,14,548,ARG,PRO135,3.6825412421315784
s1_dbox_emi2dval_apcdval_seed3,dval,dval,3,4,14,548,ARG,ASP136,4.720980194832425
s1_dbox_emi2dval_apcdval_seed3,dval,dval,3,4,14,548,ARG,GLU422,2.171792117123551
s1_dbox_emi2dval_apcdval_seed3,dval,dval,3,4,15,549,PHE,ASP133,3.662945536040634
s1_dbox_emi2dval_apcdval_seed3,dval,dval,3,4,15,549,PHE,PRO135,4.367874082434154
s1_dbox_emi2dval_apcdval_seed3,dval,dval,3,4,17,551,LEU,LEU132,3.5728685954006236
s1_dbox_emi2dval_apcdval_seed3,dval,dval,3,4,17,551,LEU,ASP133,2.657711421505352
s1_dbox_emi2dval_apcdval_seed3,dval,dval,3,4,17,551,LEU,ALA134,4.829429469409404
s1_dbox_emi2dval_apcdval_seed3,dval,dval,3,4,17,551,LEU,PRO135,4.773273719367033
s1_dbox_emi2dval_apcdval_seed3,dval,dval,3,4,17,551,LEU,VAL156,3.833745427124758
s1_dbox_emi2dval_apcdval_seed3,dval,dval,3,4,17,551,LEU,LEU158,4.8065248360952
s1_dbox_emi2dval_apcdval_seed3,dval,dval,3,4,17,551,LEU,TYR163,3.5850630398920464
s1_dbox_emi2dval_apcdval_seed3,dval,dval,3,4,17,551,LEU,LEU164,4.231225590771545
s1_dbox_emi2dval_apcdval_seed3,dval,dval,3,4,17,551,LEU,TRP165,3.685474867639175
s1_dbox_emi2dval_apcdval_seed3,dval,dval,3,4,17,551,LEU,ILE172,3.668967293394695
s1_dbox_emi2dval_apcdval_seed3,dval,dval,3,4,17,551,LEU,LEU424,3.7376856475632088
