job,emi2_allele,apc_source,seed,model_index,ranking_score,iptm,ptm,fraction_disordered,has_clash,num_recycles,chain_iptm_emi2,chain_ptm_emi2,chain_iptm_cdc20,chain_ptm_cdc20,chain_iptm_apc10,chain_ptm_apc10,chain_iptm_zn1,chain_ptm_zn1,chain_iptm_zn2,chain_ptm_zn2,pair_iptm_emi2_cdc20,pair_iptm_emi2_apc10,pair_iptm_emi2_zn1,pair_iptm_emi2_zn2,pair_iptm_cdc20_apc10,pair_iptm_cdc20_zn1,pair_iptm_cdc20_zn2,pair_iptm_apc10_zn1,pair_iptm_apc10_zn2,pair_iptm_zn1_zn2,pae_min_emi2_to_cdc20,pae_min_emi2_to_apc10,pae_min_cdc20_to_emi2,pae_min_cdc20_to_apc10,pae_min_apc10_to_emi2,pae_min_apc10_to_cdc20
s1_dbox_emi2dnai_apcdnai_seed1,dnai,dnai,1,0,0.64,0.48,0.49,0.31,0.0,10.0,0.48,0.39,0.27,0.69,0.08,0.78,0.3,,0.29,,0.6,0.07,0.62,0.64,0.12,0.2,0.15,0.07,0.07,,1.49,21.2,1.99,21.89,20.74,21.67
s1_dbox_emi2dnai_apcdnai_seed1,dnai,dnai,1,1,0.64,0.47,0.48,0.33,0.0,10.0,0.51,0.39,0.24,0.68,0.07,0.78,0.28,,0.3,,0.6,0.07,0.67,0.71,0.11,0.12,0.13,0.06,0.05,,1.53,26.05,2.13,25.37,25.4,23.54
s1_dbox_emi2dnai_apcdnai_seed1,dnai,dnai,1,2,0.63,0.47,0.49,0.32,0.0,10.0,0.49,0.39,0.27,0.68,0.06,0.78,0.29,,0.31,,0.6,0.06,0.62,0.68,0.1,0.19,0.2,0.04,0.04,,1.54,27.66,2.16,27.85,26.59,27.59
s1_dbox_emi2dnai_apcdnai_seed1,dnai,dnai,1,3,0.63,0.47,0.48,0.32,0.0,10.0,0.51,0.39,0.24,0.68,0.09,0.79,0.29,,0.29,,0.59,0.09,0.66,0.7,0.12,0.13,0.11,0.07,0.07,,1.51,20.5,1.98,23.48,17.53,22.76
s1_dbox_emi2dnai_apcdnai_seed1,dnai,dnai,1,4,0.63,0.47,0.48,0.31,0.0,10.0,0.5,0.4,0.24,0.68,0.09,0.78,0.32,,0.26,,0.6,0.09,0.72,0.61,0.11,0.15,0.1,0.09,0.07,,1.55,15.95,2.02,22.9,14.37,23.45
s1_dbox_emi2dnai_apcdnai_seed2,dnai,dnai,2,0,0.62,0.46,0.48,0.32,0.0,10.0,0.49,0.39,0.24,0.68,0.07,0.78,0.29,,0.27,,0.59,0.06,0.66,0.64,0.1,0.16,0.12,0.06,0.05,,1.64,26.86,1.99,25.85,26.08,24.33
s1_dbox_emi2dnai_apcdnai_seed2,dnai,dnai,2,1,0.62,0.46,0.48,0.32,0.0,10.0,0.49,0.39,0.24,0.68,0.09,0.79,0.29,,0.27,,0.58,0.1,0.64,0.64,0.1,0.15,0.12,0.09,0.06,,1.73,17.15,2.2,26.85,15.67,27.87
s1_dbox_emi2dnai_apcdnai_seed2,dnai,dnai,2,2,0.62,0.46,0.47,0.32,0.0,10.0,0.51,0.39,0.22,0.68,0.09,0.78,0.31,,0.27,,0.58,0.1,0.71,0.65,0.11,0.12,0.09,0.09,0.07,,1.66,17.63,1.97,26.33,15.6,27.54
s1_dbox_emi2dnai_apcdnai_seed2,dnai,dnai,2,3,0.62,0.46,0.48,0.31,0.0,10.0,0.51,0.39,0.24,0.68,0.08,0.78,0.29,,0.31,,0.58,0.08,0.67,0.73,0.1,0.15,0.14,0.07,0.06,,1.72,24.14,2.0,26.73,22.27,26.93
s1_dbox_emi2dnai_apcdnai_seed2,dnai,dnai,2,4,0.62,0.45,0.47,0.32,0.0,10.0,0.47,0.38,0.21,0.68,0.06,0.78,0.26,,0.24,,0.57,0.07,0.66,0.6,0.11,0.09,0.08,0.04,0.04,,1.73,24.42,2.1,23.9,26.67,22.12
s1_dbox_emi2dnai_apcdnai_seed3,dnai,dnai,3,0,0.6,0.43,0.49,0.32,0.0,10.0,0.51,0.39,0.26,0.67,0.1,0.78,0.31,,0.34,,0.53,0.1,0.66,0.76,0.14,0.19,0.19,0.07,0.09,,2.27,13.8,3.03,22.09,14.04,24.38
s1_dbox_emi2dnai_apcdnai_seed3,dnai,dnai,3,1,0.6,0.44,0.49,0.31,0.0,10.0,0.47,0.39,0.24,0.68,0.09,0.78,0.3,,0.25,,0.54,0.09,0.68,0.59,0.14,0.15,0.12,0.07,0.05,,2.23,16.42,3.01,20.89,14.31,21.86
s1_dbox_emi2dnai_apcdnai_seed3,dnai,dnai,3,2,0.59,0.42,0.48,0.31,0.0,10.0,0.48,0.38,0.28,0.68,0.15,0.78,0.32,,0.27,,0.52,0.1,0.7,0.61,0.32,0.16,0.13,0.1,0.07,,2.42,15.19,3.32,12.48,13.34,13.7
s1_dbox_emi2dnai_apcdnai_seed3,dnai,dnai,3,3,0.58,0.41,0.47,0.32,0.0,10.0,0.49,0.4,0.22,0.68,0.14,0.78,0.31,,0.25,,0.52,0.13,0.73,0.6,0.23,0.08,0.07,0.13,0.08,,2.35,15.26,3.12,14.86,14.23,17.04
s1_dbox_emi2dnai_apcdnai_seed3,dnai,dnai,3,4,0.58,0.42,0.48,0.3,0.0,10.0,0.47,0.39,0.21,0.67,0.12,0.78,0.28,,0.29,,0.52,0.11,0.61,0.63,0.11,0.11,0.1,0.11,0.14,,2.53,15.83,3.25,22.68,14.83,21.75
s1_dbox_emi2dnai_apcdval_seed1,dnai,dval,1,0,0.64,0.48,0.49,0.32,0.0,10.0,0.51,0.38,0.31,0.68,0.08,0.79,0.31,,0.35,,0.6,0.08,0.65,0.7,0.12,0.22,0.29,0.06,0.07,,1.54,21.7,1.85,23.85,19.68,24.57
s1_dbox_emi2dnai_apcdval_seed1,dnai,dval,1,1,0.63,0.48,0.49,0.31,0.0,10.0,0.5,0.38,0.26,0.68,0.1,0.79,0.32,,0.27,,0.6,0.1,0.69,0.62,0.13,0.18,0.14,0.1,0.06,,1.56,15.28,1.93,21.73,12.96,21.65
s1_dbox_emi2dnai_apcdval_seed1,dnai,dval,1,2,0.63,0.47,0.48,0.32,0.0,10.0,0.47,0.39,0.22,0.68,0.07,0.78,0.24,,0.25,,0.59,0.08,0.6,0.63,0.14,0.08,0.07,0.03,0.03,,1.59,24.01,2.11,22.62,24.5,24.02
s1_dbox_emi2dnai_apcdval_seed1,dnai,dval,1,3,0.63,0.47,0.48,0.31,0.0,10.0,0.5,0.39,0.24,0.68,0.07,0.78,0.28,,0.27,,0.59,0.07,0.64,0.68,0.13,0.13,0.09,0.05,0.04,,1.66,22.66,2.0,22.37,24.93,20.4
s1_dbox_emi2dnai_apcdval_seed1,dnai,dval,1,4,0.63,0.47,0.48,0.32,0.0,10.0,0.49,0.39,0.23,0.68,0.09,0.78,0.3,,0.25,,0.59,0.1,0.67,0.59,0.1,0.13,0.1,0.09,0.07,,1.61,16.86,2.17,26.42,14.19,26.7
s1_dbox_emi2dnai_apcdval_seed2,dnai,dval,2,0,0.63,0.47,0.49,0.31,0.0,10.0,0.49,0.39,0.27,0.68,0.11,0.78,0.31,,0.31,,0.59,0.1,0.63,0.64,0.11,0.2,0.17,0.1,0.13,,1.59,16.41,1.98,24.42,15.08,23.8
s1_dbox_emi2dnai_apcdval_seed2,dnai,dval,2,1,0.63,0.47,0.48,0.32,0.0,10.0,0.49,0.38,0.25,0.68,0.07,0.78,0.3,,0.26,,0.59,0.07,0.69,0.6,0.11,0.16,0.13,0.05,0.05,,1.62,25.16,1.88,24.41,25.44,19.6
s1_dbox_emi2dnai_apcdval_seed2,dnai,dval,2,2,0.63,0.47,0.48,0.31,0.0,10.0,0.49,0.39,0.23,0.68,0.09,0.78,0.29,,0.27,,0.59,0.1,0.65,0.63,0.11,0.13,0.1,0.09,0.07,,1.61,17.72,1.88,25.25,16.37,24.85
s1_dbox_emi2dnai_apcdval_seed2,dnai,dval,2,3,0.62,0.47,0.48,0.31,0.0,10.0,0.52,0.38,0.24,0.68,0.1,0.78,0.29,,0.31,,0.59,0.11,0.65,0.72,0.11,0.15,0.13,0.08,0.09,,1.66,17.28,2.01,25.01,14.25,24.33
s1_dbox_emi2dnai_apcdval_seed2,dnai,dval,2,4,0.62,0.46,0.47,0.31,0.0,10.0,0.49,0.38,0.21,0.68,0.06,0.78,0.27,,0.24,,0.58,0.06,0.69,0.61,0.11,0.07,0.07,0.04,0.04,,1.62,25.23,1.97,24.89,25.57,21.96
s1_dbox_emi2dnai_apcdval_seed3,dnai,dval,3,0,0.38,0.15,0.47,0.32,0.0,10.0,0.41,0.37,0.15,0.67,0.11,0.78,0.32,,0.33,,0.15,0.11,0.64,0.74,0.12,0.2,0.14,0.11,0.11,,17.76,16.29,19.13,23.81,14.4,24.33
s1_dbox_emi2dnai_apcdval_seed3,dnai,dval,3,1,0.37,0.16,0.46,0.3,0.0,10.0,0.38,0.39,0.16,0.67,0.12,0.78,0.29,,0.3,,0.15,0.11,0.6,0.67,0.19,0.19,0.13,0.07,0.1,,17.5,18.06,18.08,16.68,16.65,20.56
s1_dbox_emi2dnai_apcdval_seed3,dnai,dval,3,2,0.36,0.13,0.46,0.32,0.0,10.0,0.38,0.37,0.14,0.68,0.08,0.78,0.28,,0.3,,0.13,0.08,0.61,0.69,0.11,0.17,0.14,0.06,0.07,,23.94,23.57,19.88,25.12,20.31,24.85
s1_dbox_emi2dnai_apcdval_seed3,dnai,dval,3,3,0.36,0.15,0.46,0.29,0.0,10.0,0.36,0.38,0.11,0.67,0.07,0.78,0.26,,0.23,,0.15,0.06,0.66,0.57,0.12,0.09,0.09,0.05,0.05,,16.79,26.2,18.07,23.75,25.13,21.61
s1_dbox_emi2dnai_apcdval_seed3,dnai,dval,3,4,0.36,0.14,0.47,0.3,0.0,10.0,0.36,0.38,0.13,0.69,0.1,0.78,0.27,,0.28,,0.12,0.1,0.57,0.64,0.12,0.16,0.1,0.07,0.1,,21.25,17.82,21.66,24.88,15.9,25.08
s1_dbox_emi2dval_apcdnai_seed1,dval,dnai,1,0,0.63,0.47,0.48,0.31,0.0,10.0,0.51,0.38,0.25,0.68,0.1,0.78,0.33,,0.29,,0.59,0.1,0.71,0.65,0.12,0.17,0.12,0.11,0.08,,1.6,16.71,2.0,22.72,15.47,23.31
s1_dbox_emi2dval_apcdnai_seed1,dval,dnai,1,1,0.63,0.47,0.48,0.32,0.0,10.0,0.51,0.39,0.25,0.68,0.08,0.79,0.3,,0.31,,0.59,0.08,0.67,0.72,0.11,0.16,0.14,0.06,0.07,,1.64,21.0,2.14,25.09,18.02,24.97
s1_dbox_emi2dval_apcdnai_seed1,dval,dnai,1,2,0.63,0.46,0.48,0.32,0.0,10.0,0.47,0.38,0.24,0.68,0.06,0.78,0.29,,0.24,,0.59,0.06,0.66,0.57,0.1,0.16,0.12,0.04,0.04,,1.61,25.02,2.09,27.24,25.15,27.08
s1_dbox_emi2dval_apcdnai_seed1,dval,dnai,1,3,0.63,0.46,0.47,0.33,0.0,10.0,0.48,0.38,0.23,0.68,0.07,0.79,0.25,,0.27,,0.58,0.06,0.61,0.66,0.12,0.1,0.11,0.04,0.04,,1.71,24.69,2.21,24.34,26.56,22.66
s1_dbox_emi2dval_apcdnai_seed1,dval,dnai,1,4,0.62,0.47,0.48,0.3,0.0,10.0,0.49,0.38,0.24,0.68,0.09,0.79,0.28,,0.28,,0.59,0.09,0.62,0.64,0.11,0.13,0.13,0.09,0.07,,1.68,16.59,2.2,24.91,15.48,24.39
s1_dbox_emi2dval_apcdnai_seed2,dval,dnai,2,0,0.39,0.18,0.46,0.32,0.0,10.0,0.36,0.37,0.11,0.67,0.06,0.78,0.23,,0.24,,0.19,0.07,0.57,0.61,0.09,0.08,0.08,0.05,0.04,,13.26,26.38,14.0,29.12,26.2,29.15
s1_dbox_emi2dval_apcdnai_seed2,dval,dnai,2,1,0.37,0.16,0.47,0.3,0.0,10.0,0.37,0.39,0.14,0.67,0.08,0.78,0.25,,0.29,,0.16,0.08,0.55,0.67,0.11,0.15,0.12,0.05,0.07,,14.59,18.78,15.22,24.79,16.24,25.46
s1_dbox_emi2dval_apcdnai_seed2,dval,dnai,2,2,0.36,0.15,0.45,0.3,0.0,10.0,0.37,0.39,0.11,0.67,0.08,0.78,0.26,,0.25,,0.15,0.1,0.65,0.58,0.09,0.09,0.09,0.05,0.07,,16.81,24.29,18.88,28.26,25.41,28.9
s1_dbox_emi2dval_apcdnai_seed2,dval,dnai,2,3,0.35,0.13,0.45,0.32,0.0,10.0,0.39,0.38,0.09,0.67,0.11,0.79,0.31,,0.26,,0.09,0.12,0.73,0.61,0.12,0.09,0.08,0.13,0.08,,28.75,15.9,27.55,22.95,13.68,24.35
s1_dbox_emi2dval_apcdnai_seed2,dval,dnai,2,4,0.35,0.12,0.46,0.31,0.0,10.0,0.39,0.39,0.12,0.67,0.09,0.79,0.32,,0.27,,0.11,0.09,0.73,0.63,0.11,0.14,0.12,0.09,0.06,,24.97,20.46,24.87,24.18,18.72,23.88
s1_dbox_emi2dval_apcdnai_seed3,dval,dnai,3,0,0.4,0.19,0.47,0.31,0.0,10.0,0.39,0.38,0.16,0.67,0.1,0.78,0.31,,0.27,,0.2,0.08,0.65,0.61,0.13,0.19,0.12,0.1,0.08,,13.72,21.15,14.09,21.14,19.58,21.09
s1_dbox_emi2dval_apcdnai_seed3,dval,dnai,3,1,0.38,0.16,0.46,0.31,0.0,10.0,0.32,0.37,0.12,0.68,0.11,0.78,0.24,,0.25,,0.11,0.08,0.53,0.58,0.19,0.1,0.08,0.08,0.09,,19.81,20.83,22.53,17.22,18.62,17.66
s1_dbox_emi2dval_apcdnai_seed3,dval,dnai,3,2,0.37,0.14,0.46,0.32,0.0,10.0,0.37,0.37,0.15,0.68,0.11,0.78,0.28,,0.3,,0.13,0.1,0.59,0.68,0.17,0.16,0.13,0.08,0.09,,17.64,20.22,21.09,17.74,16.84,20.25
s1_dbox_emi2dval_apcdnai_seed3,dval,dnai,3,3,0.36,0.15,0.47,0.3,0.0,10.0,0.37,0.38,0.14,0.67,0.1,0.78,0.27,,0.29,,0.15,0.11,0.59,0.62,0.13,0.14,0.13,0.06,0.11,,16.72,17.34,19.74,21.02,13.92,20.51
s1_dbox_emi2dval_apcdnai_seed3,dval,dnai,3,4,0.36,0.13,0.46,0.32,0.0,10.0,0.32,0.38,0.11,0.67,0.08,0.79,0.24,,0.22,,0.13,0.09,0.54,0.52,0.1,0.1,0.09,0.09,0.05,,17.96,18.74,21.74,24.42,16.06,23.74
s1_dbox_emi2dval_apcdval_seed1,dval,dval,1,0,0.63,0.47,0.48,0.32,0.0,10.0,0.51,0.38,0.24,0.69,0.09,0.78,0.29,,0.31,,0.59,0.09,0.63,0.71,0.11,0.14,0.13,0.09,0.08,,1.59,18.07,2.23,24.26,16.25,23.58
s1_dbox_emi2dval_apcdval_seed1,dval,dval,1,1,0.63,0.48,0.48,0.31,0.0,10.0,0.49,0.39,0.22,0.68,0.07,0.79,0.24,,0.25,,0.59,0.09,0.63,0.65,0.15,0.07,0.06,0.03,0.03,,1.66,23.1,2.03,21.82,22.77,22.05
s1_dbox_emi2dval_apcdval_seed1,dval,dval,1,2,0.63,0.47,0.48,0.32,0.0,10.0,0.51,0.38,0.23,0.68,0.13,0.78,0.31,,0.31,,0.58,0.11,0.68,0.65,0.12,0.12,0.1,0.12,0.17,,1.62,18.33,2.12,25.14,17.26,24.27
s1_dbox_emi2dval_apcdval_seed1,dval,dval,1,3,0.62,0.46,0.48,0.32,0.0,10.0,0.47,0.39,0.22,0.68,0.07,0.78,0.24,,0.24,,0.57,0.07,0.61,0.62,0.13,0.09,0.08,0.03,0.03,,1.74,26.59,2.23,24.66,27.21,25.23
s1_dbox_emi2dval_apcdval_seed1,dval,dval,1,4,0.61,0.46,0.48,0.28,0.0,10.0,0.46,0.38,0.24,0.68,0.09,0.78,0.28,,0.25,,0.58,0.1,0.6,0.58,0.11,0.15,0.11,0.1,0.06,,1.59,18.91,2.1,24.06,15.96,24.04
s1_dbox_emi2dval_apcdval_seed2,dval,dval,2,0,0.62,0.46,0.48,0.32,0.0,10.0,0.48,0.38,0.24,0.68,0.08,0.79,0.29,,0.27,,0.58,0.08,0.64,0.62,0.1,0.15,0.13,0.07,0.06,,1.79,18.62,2.28,26.82,18.76,27.58
s1_dbox_emi2dval_apcdval_seed2,dval,dval,2,1,0.62,0.46,0.48,0.31,0.0,10.0,0.52,0.38,0.22,0.68,0.09,0.78,0.31,,0.28,,0.58,0.09,0.73,0.68,0.11,0.11,0.09,0.08,0.06,,1.62,18.74,2.1,26.2,17.41,26.23
s1_dbox_emi2dval_apcdval_seed2,dval,dval,2,2,0.62,0.47,0.48,0.3,0.0,10.0,0.52,0.38,0.23,0.68,0.1,0.79,0.31,,0.28,,0.59,0.1,0.74,0.65,0.12,0.12,0.1,0.09,0.08,,1.59,17.37,1.95,22.86,16.31,22.24
s1_dbox_emi2dval_apcdval_seed2,dval,dval,2,3,0.62,0.46,0.47,0.32,0.0,10.0,0.51,0.38,0.21,0.68,0.08,0.79,0.26,,0.29,,0.58,0.08,0.64,0.72,0.12,0.08,0.08,0.07,0.06,,1.7,21.51,2.18,24.22,20.76,22.97
s1_dbox_emi2dval_apcdval_seed2,dval,dval,2,4,0.61,0.46,0.47,0.31,0.0,10.0,0.5,0.38,0.21,0.68,0.06,0.78,0.27,,0.25,,0.57,0.07,0.71,0.64,0.1,0.08,0.07,0.04,0.03,,1.69,23.2,2.19,24.76,22.89,23.05
s1_dbox_emi2dval_apcdval_seed3,dval,dval,3,0,0.63,0.46,0.48,0.33,0.0,10.0,0.49,0.38,0.26,0.68,0.07,0.78,0.28,,0.3,,0.58,0.06,0.63,0.7,0.12,0.16,0.17,0.05,0.04,,1.64,24.39,1.92,23.98,25.42,19.45
s1_dbox_emi2dval_apcdval_seed3,dval,dval,3,1,0.63,0.46,0.48,0.32,0.0,10.0,0.49,0.38,0.26,0.68,0.09,0.78,0.32,,0.28,,0.58,0.08,0.66,0.65,0.12,0.21,0.14,0.09,0.06,,1.67,19.16,2.09,22.09,16.45,21.7
s1_dbox_emi2dval_apcdval_seed3,dval,dval,3,2,0.62,0.46,0.48,0.32,0.0,10.0,0.48,0.38,0.24,0.68,0.08,0.78,0.28,,0.27,,0.58,0.08,0.64,0.64,0.11,0.15,0.12,0.06,0.06,,1.68,23.35,2.07,26.02,21.6,25.28
s1_dbox_emi2dval_apcdval_seed3,dval,dval,3,3,0.62,0.46,0.48,0.31,0.0,10.0,0.5,0.38,0.27,0.68,0.08,0.78,0.3,,0.32,,0.58,0.09,0.63,0.71,0.11,0.2,0.19,0.07,0.07,,1.76,18.81,2.2,26.68,16.31,26.16
s1_dbox_emi2dval_apcdval_seed3,dval,dval,3,4,0.62,0.46,0.48,0.3,0.0,10.0,0.48,0.39,0.28,0.68,0.09,0.78,0.33,,0.28,,0.58,0.1,0.64,0.6,0.1,0.26,0.18,0.09,0.07,,1.68,18.27,2.24,24.76,16.06,26.06
